"Rk","Player","Tm","2021-22","2022-23","2023-24","2024-25","2025-26","2026-27","Signed Using","Guaranteed"
"1","Stephen Curry","GSW","$45,780,966","$48,070,014","$51,915,615","$55,761,216","$59,606,817","","Bird Rights","$261,134,628"
"2","John Wall","HOU","$44,310,840","$47,366,760","","","","","Bird Rights","$44,310,840"
"3","Russell Westbrook","LAL","$44,211,146","$47,063,478","","","","","Bird Rights","$44,211,146"
"4","James Harden","BRK","$43,848,000","$46,872,000","","","","","Bird Rights","$43,848,000"
"5","LeBron James","LAL","$41,180,544","$44,474,988","","","","","Bird","$85,655,532"
"6","Kevin Durant","BRK","$40,918,900","$42,969,845","$42,969,845","$49,856,021","$53,282,609","","Sign and Trade","$229,997,220"
"7","Giannis Antetokounmpo","MIL","$39,344,970","$42,492,568","$45,640,165","$48,787,763","$51,935,360","","Bird","$176,265,466"
"8","Paul George","LAC","$39,344,970","$42,492,568","$45,640,165","$48,787,763","","","Bird","$127,477,703"
"9","Damian Lillard","POR","$39,344,900","$42,492,492","$45,640,084","$48,787,676","","","1st Round Pick","$176,265,152"
"10","Kawhi Leonard","LAC","$39,344,900","$42,492,492","$45,640,084","$48,787,676","","","Early Bird","$127,477,476"
"11","Klay Thompson","GSW","$37,980,720","$40,600,080","$43,219,440","","","","Bird Rights","$121,800,240"
"12","Jimmy Butler","MIA","$36,016,200","$37,653,300","$45,183,960","$48,798,677","$52,413,394","","Sign and Trade","$167,652,137"
"13","Tobias Harris","PHI","$36,000,000","$38,482,759","$40,965,517","","","","Bird Rights","$115,448,276"
"14","Khris Middleton","MIL","$35,500,000","$37,948,276","$40,396,552","","","","Bird Rights","$73,448,276"
"15","Anthony Davis","LAL","$35,361,360","$37,980,720","$40,600,080","$43,219,440","","","Bird","$113,942,160"
"16","Rudy Gobert","UTA","$35,344,828","$38,172,414","$41,000,000","$43,827,587","$46,655,173","","Bird","$158,344,829"
"17","Kyrie Irving","BRK","$34,916,200","$36,503,300","","","","","Cap space","$34,916,200"
"18","Bradley Beal","WAS","$34,502,130","$37,262,300","","","","","Cap Space","$34,502,130"
"19","Kristaps Porziņģis","DAL","$31,650,600","$33,833,400","$36,016,200","","","","Bird Rights","$65,484,000"
"20","Devin Booker","PHO","$31,610,000","$33,790,000","$35,970,000","","","","1st round pick","$101,370,000"
"21","Karl-Anthony Towns","MIN","$31,610,000","$33,790,000","$35,970,000","","","","1st Round Pick","$101,370,000"
"22","Ben Simmons","PHI","$31,590,000","$33,930,000","$36,270,000","$38,610,000","","","1st Round pick","$140,400,000"
"23","Jamal Murray","DEN","$31,590,000","$33,930,000","$36,270,000","$38,610,000","","","1st Round pick","$140,400,000"
"24","Joel Embiid","PHI","$31,579,390","$33,616,770","$43,732,500","$47,231,100","$50,729,700","$54,228,300","1st Round Pick","$206,889,460"
"25","Andrew Wiggins","GSW","$31,579,390","$33,616,770","","","","","1st Round Pick","$65,196,160"
"26","Pascal Siakam","TOR","$31,320,000","$33,640,000","$35,960,000","","","","1st Round pick","$100,920,000"
"27","Kevin Love","CLE","$31,300,000","$28,900,000","","","","","Bird Rights","$60,200,000"
"28","CJ McCollum","POR","$30,864,198","$33,333,333","$35,802,469","","","","1st Round Pick","$100,000,000"
"29","Chris Paul","PHO","$30,800,000","$28,400,000","$30,800,000","$30,000,000","","","Bird","$75,000,000"
"30","Nikola Jokić","DEN","$30,510,423","$32,478,837","","","","","Bird Rights","$62,989,260"
"31","Jrue Holiday","MIL","$30,133,333","$32,393,333","$34,653,333","$36,913,333","","","Bird","$97,179,999"
"32","D'Angelo Russell","MIN","$30,013,500","$31,377,750","","","","","Sign and Trade","$61,391,250"
"33","Gordon Hayward","CHO","$29,900,000","$30,100,000","$31,500,000","","","","Sign and Trade","$91,500,000"
"34","Blake Griffin","DET","$32,405,817","","","","","","","$29,764,126"
"35","Brandon Ingram","NOP","$29,467,800","$31,650,600","$33,833,400","$36,016,200","","","Bird","$130,968,000"
"36","De'Aaron Fox","SAC","$28,103,550","$30,351,834","$32,600,118","$34,848,402","$37,096,686","","Bird","$163,000,590"
"37","Bam Adebayo","MIA","$28,103,550","$30,351,834","$32,600,118","$34,848,402","$37,096,686","","Bird","$163,000,590"
"38","Donovan Mitchell","UTA","$28,103,550","$30,351,834","$32,600,118","$34,848,402","$37,096,686","","Bird","$125,903,904"
"39","Jayson Tatum","BOS","$28,103,550","$30,351,834","$32,600,118","$34,848,402","$37,096,686","","Bird","$125,903,904"
"40","Al Horford","BOS","$27,000,000","$26,500,000","","","","","Cap Space","$41,500,000"
"41","Kyle Lowry","MIA","$26,984,128","$28,333,334","$29,682,540","","","","Bird","$85,000,002"
"42","Kemba Walker","OKC","$8,729,020","$9,165,471","","","","","","$53,669,500"
"43","DeMar DeRozan","CHI","$26,000,000","$27,300,000","$28,600,000","","","","Sign and Trade","$81,900,000"
"44","Jaylen Brown","BOS","$24,830,357","$26,669,643","$28,508,929","","","","1st Round pick","$80,008,929"
"45","Draymond Green","GSW","$24,026,712","$25,806,469","$27,586,225","","","","Bird Rights","$49,833,181"
"46","Nikola Vučević","CHI","$24,000,000","$22,000,000","","","","","Bird Rights","$46,000,000"
"47","John Collins","ATL","$23,000,000","$23,500,000","$25,340,000","$26,580,000","$26,580,000","","Bird","$125,000,000"
"48","Buddy Hield","SAC","$22,477,273","$20,522,727","$18,568,182","","","","1st Round pick","$61,568,182"
"49","Malcolm Brogdon","IND","$21,700,000","$22,600,000","$21,634,615","$23,365,385","","","Sign and Trade","$89,300,000"
"50","Tim Hardaway Jr.","DAL","$21,306,816","$19,602,273","$17,897,728","$16,193,183","","","Bird","$75,000,000"
"51","Mike Conley","UTA","$21,000,000","$22,680,000","$24,360,000","","","","Bird","$58,000,000"
"52","Gary Harris","ORL","$20,482,143","","","","","","1st Round Pick","$20,482,143"
"53","Danilo Gallinari","ATL","$20,475,000","$21,450,000","","","","","Sign and Trade","$25,475,000"
"54","Harrison Barnes","SAC","$20,284,091","$18,352,273","","","","","Bird Rights","$38,636,364"
"55","Jarrett Allen","CLE","$20,000,000","$20,000,000","$20,000,000","$20,000,000","$20,000,000","","Bird","$100,000,000"
"56","Jerami Grant","DET","$20,000,000","$20,952,381","","","","","Sign and Trade","$40,952,381"
"57","Julius Randle","NYK","$19,800,000","$23,760,000","$25,660,800","$27,561,600","$29,462,400","","Cap Space","$96,782,400"
"58","Fred VanVleet","TOR","$19,675,926","$21,250,000","$22,824,074","","","","Bird","$40,925,926"
"59","Zach LaVine","CHI","$19,500,000","","","","","","Cap space","$19,500,000"
"60","Goran Dragić","TOR","$19,440,000","","","","","","Bird","$19,440,000"
"61","Bojan Bogdanović","UTA","$18,700,000","$19,550,000","","","","","Cap Space","$38,250,000"
"62","Lonzo Ball","CHI","$18,604,651","$19,534,884","$20,465,117","$21,395,348","","","Sign and Trade","$58,604,652"
"63","Domantas Sabonis","IND","$18,562,500","$19,937,500","$21,312,500","","","","1st Round pick","$59,812,500"
"64","Eric Gordon","HOU","$18,218,818","$19,568,360","$20,917,902","","","","Cap Space","$37,787,178"
"65","Evan Fournier","NYK","$18,139,535","$19,046,512","$19,953,488","$20,860,465","","","Sign and Trade","$57,139,535"
"66","Eric Bledsoe","LAC","$18,125,000","$19,375,000","","","","","Bird Rights","$22,025,000"
"67","Myles Turner","IND","$18,000,000","$18,000,000","","","","","1st Round pick","$36,000,000"
"68","Bogdan Bogdanović","ATL","$18,000,000","$18,000,000","$18,000,000","","","","Cap Space","$36,000,000"
"69","Terry Rozier","CHO","$17,905,263","$21,486,316","$23,205,221","$24,924,126","$26,643,031","","Sign and Trade","$114,163,957"
"70","Ricky Rubio","CLE","$17,809,524","","","","","","Cap Space","$17,809,524"
"71","Caris LeVert","IND","$17,500,000","$18,796,296","","","","","1st Round pick","$36,296,296"
"72","Jonathan Isaac","ORL","$17,400,000","$17,400,000","$17,400,000","$17,400,000","","","Bird","$69,600,000"
"73","Joe Harris","BRK","$17,357,143","$18,642,857","$19,928,571","","","","Bird","$55,928,571"
"74","Spencer Dinwiddie","WAS","$17,142,857","$18,000,000","$18,857,143","","","","Sign and Trade","$45,142,857"
"75","Clint Capela","ATL","$17,103,448","$18,206,897","$20,616,000","$22,265,280","","","Bird Rights","$78,191,625"
"76","Steven Adams","MEM","$17,073,171","$17,926,829","","","","","1st Round Pick","$35,000,000"
"77","Markelle Fultz","ORL","$16,500,000","$16,500,000","$17,000,000","","","","Bird","$35,000,000"
"78","Aaron Gordon","DEN","$16,409,091","$19,690,909","$21,266,182","$22,841,455","$22,841,455","","Bird Rights","$80,207,637"
"79","OG Anunoby","TOR","$16,071,429","$17,357,143","$18,642,857","$19,928,571","","","Bird","$72,000,000"
"80","Dāvis Bertāns","WAS","$16,000,000","$16,000,000","$17,000,000","$16,000,000","","","Bird","$60,000,000"
"81","Gary Trent Jr.","TOR","$16,000,000","$17,280,000","$18,560,000","","","","Bird","$33,280,000"
"82","Lauri Markkanen","CLE","$15,690,909","$16,475,454","$17,259,999","$18,044,544","","","Sign and Trade","$55,426,362"
"83","Marcus Morris","LAC","$15,627,907","$16,372,093","$17,116,279","","","","Non Bird","$49,116,279"
"84","Duncan Robinson","MIA","$15,560,000","$16,902,000","$18,154,000","$19,406,000","$19,888,000","","Bird","$79,910,000"
"85","Norman Powell","POR","$15,517,242","$16,758,621","$18,000,000","$19,241,379","$20,482,758","","Bird","$90,000,000"
"86","Dejounte Murray","SAS","$15,428,571","$16,571,429","$17,714,286","","","","1st Round pick","$49,714,286"
"87","Will Barton","DEN","$15,384,615","$16,615,385","","","","","Bird","$32,000,000"
"88","Derrick White","SAS","$15,178,571","$16,392,857","$17,607,143","$18,821,429","","","Bird","$68,000,000"
"89","Taurean Prince","MIN","$15,057,692","","","","","","1st Round pick","$15,057,692"
"90","Malik Beasley","MIN","$14,391,964","$15,458,035","$16,524,106","","","","Bird","$29,849,999"
"91","Marcus Smart","BOS","$14,339,285","$16,607,142","$18,583,713","$19,960,285","$21,336,856","","Bird Rights","$90,827,281"
"92","Patrick Beverley","MIN","$14,320,988","","","","","","Bird Rights","$14,320,988"
"93","Thaddeus Young","SAS","$14,190,000","","","","","","Cap space","$14,190,000"
"94","Jonas Valančiūnas","NOP","$14,000,000","$14,700,000","$15,435,000","","","","Bird Rights","$44,135,000"
"95","Joe Ingles","UTA","$14,000,000","","","","","","Bird Rights","$14,000,000"
"96","Doug McDermott","SAS","$13,750,000","$13,750,000","$13,750,000","","","","Sign and Trade","$41,250,000"
"97","Christian Wood","HOU","$13,666,667","$14,317,459","","","","","Sign and Trade","$27,984,126"
"98","Derrick Rose","NYK","$13,445,120","$14,520,730","$15,596,339","","","","Early Bird","$27,965,850"
"99","Brook Lopez","MIL","$13,302,325","$13,906,976","","","","","Cap Space","$27,209,301"
"100","Kentavious Caldwell-Pope","WAS","$13,038,862","$14,004,703","","","","","Early Bird","$17,926,980"
"101","Kyle Kuzma","WAS","$13,000,000","$13,000,000","$13,000,000","","","","Bird","$26,000,000"
"102","Robert Covington","POR","$12,975,471","","","","","","Cap Space","$12,975,471"
"103","Luke Kennard","LAC","$12,727,273","$13,745,455","$14,763,636","$14,763,636","","","Bird","$41,236,364"
"104","T.J. Warren","IND","$12,690,000","","","","","","1st Round Pick","$12,690,000"
"105","Deandre Ayton","PHO","$12,632,950","","","","","","1st Round Pick","$12,632,950"
"106","Terrence Ross","ORL","$12,500,000","$11,500,000","","","","","Bird Rights","$24,000,000"
"107","Jordan Clarkson","UTA","$12,420,000","$13,340,000","$14,260,000","","","","Bird","$25,760,000"
"108","Dillon Brooks","MEM","$12,200,000","$11,400,000","","","","","MLE","$23,600,000"
"109","Kelly Olynyk","DET","$12,195,122","$12,804,878","$12,195,122","","","","Cap Space","$28,000,000"
"110","Kelly Oubre Jr.","CHO","$12,000,000","$12,600,000","","","","","Cap Space","$17,000,000"
"111","Josh Hart","NOP","$12,000,000","$12,960,000","$12,960,000","","","","Bird","$12,000,000"
"112","Jusuf Nurkić","POR","$12,000,000","","","","","","Bird Rights","$4,000,000"
"113","Josh Richardson","BOS","$11,600,000","$12,384,672","","","","","Minimum Salary","$23,984,672"
"114","Marvin Bagley III","SAC","$11,312,114","","","","","","1st Round Pick","$11,312,114"
"115","Devonte' Graham","NOP","$11,000,000","$11,550,000","$12,100,000","$12,650,000","","","Sign and Trade","$37,500,000"
"116","Dwight Powell","DAL","$11,000,000","$11,814,815","","","","","Cap Space","$22,814,815"
"117","Zion Williamson","NOP","$10,733,400","$13,534,817","","","","","1st Round Pick","$10,733,400"
"118","Larry Nance Jr.","POR","$10,690,909","$9,672,727","","","","","1st Round pick","$20,363,636"
"119","Jeremy Lamb","IND","$10,500,000","","","","","","Cap Space","$10,500,000"
"120","Richaun Holmes","SAC","$10,384,500","$11,215,260","$12,046,020","$12,876,780","","","Early Bird","$33,645,780"
"121","Reggie Jackson","LAC","$10,384,500","$11,215,260","","","","","Early Bird","$21,599,760"
"122","Anthony Edwards","MIN","$10,245,480","$10,733,400","$13,534,817","","","","1st Round Pick","$20,978,880"
"123","Luka Dončić","DAL","$10,174,391","$35,700,000","$38,556,000","$41,412,000","$44,268,000","$47,124,000","1st Round Pick","$217,234,391"
"124","Cade Cunningham","DET","$10,050,120","$10,552,800","$11,055,240","$13,940,658","","","1st Round Pick","$20,602,920"
"125","Danny Green","PHI","$10,000,000","$10,000,000","","","","","Early Bird","$10,000,000"
"126","Tomáš Satoranský","NOP","$10,000,000","","","","","","Sign and Trade","$5,000,000"
"127","Kyle Anderson","MEM","$9,937,150","","","","","","MLE","$9,937,150"
"128","Serge Ibaka","LAC","$9,742,000","","","","","","MLE","$9,742,000"
"129","Jae Crowder","PHO","$9,720,900","$10,183,800","","","","","MLE","$19,904,700"
"130","Montrezl Harrell","WAS","$9,720,900","","","","","","MLE","$9,720,900"
"131","Tristan Thompson","SAC","$9,720,900","","","","","","MLE","$9,720,900"
"132","Derrick Favors","OKC","$9,720,900","$10,183,800","","","","","MLE","$9,720,900"
"133","Derrick Jones Jr.","CHI","$9,720,900","","","","","","MLE","$9,720,900"
"134","Ja Morant","MEM","$9,603,360","$12,119,440","","","","","1st Round Pick","$21,722,800"
"135","Reggie Bullock","DAL","$9,536,000","$10,012,800","$10,489,600","","","","MLE","$25,000,000"
"136","Alec Burks","NYK","$9,536,000","$10,012,800","$10,489,600","","","","Cap Space","$19,548,800"
"137","Talen Horton-Tucker","LAL","$9,500,000","$10,260,000","$11,020,000","","","","Early Bird","$19,760,000"
"138","Jaren Jackson Jr.","MEM","$9,180,560","$23,437,500","$25,312,500","$27,187,500","$29,062,500","","1st Round Pick","$114,180,560"
"139","James Wiseman","GSW","$9,166,800","$9,603,360","$12,119,440","","","","1st Round Pick","$18,770,160"
"140","Nicolas Batum","CHO","$12,213,507","$12,372,008","","","","","","$18,086,956"
"141","Dario Šarić","PHO","$9,000,000","$9,666,667","","","","","Bird","$18,666,667"
"142","Jalen Green","HOU","$8,992,200","$9,441,720","$9,891,600","$12,483,199","","","1st Round Pick","$18,433,920"
"143","Nerlens Noel","NYK","$8,800,000","$9,240,000","$9,680,000","","","","Cap Space","$18,040,000"
"144","Jakob Poeltl","SAS","$8,750,000","$9,398,148","","","","","Bird","$18,148,148"
"145","Maxi Kleber","DAL","$8,750,000","$9,000,000","","","","","Early Bird Rights","$8,750,000"
"146","Thomas Bryant","WAS","$8,730,159","","","","","","Early Bird Rights","$8,730,159"
"147","Kemba Walker","NYK","$8,729,020","$9,165,471","","","","","Cap Space","$17,894,491"
"148","Royce O'Neale","UTA","$8,678,571","$9,321,429","$9,964,286","","","","Cap space","$27,964,286"
"149","RJ Barrett","NYK","$8,623,920","$10,900,635","","","","","1st Round Pick","$19,524,555"
"150","Alex Caruso","CHI","$8,604,651","$9,034,884","$9,465,116","$9,895,349","","","MLE","$37,000,000"
"151","Delon Wright","ATL","$8,526,316","","","","","","Sign and Trade","$8,526,316"
"152","De'Anthony Melton","MEM","$8,437,500","$9,062,500","$9,687,500","","","","Early Bird","$27,187,500"
"153","Daniel Theis","HOU","$8,372,093","$8,790,698","$9,209,302","$9,627,907","","","Sign and Trade","$36,000,000"
"154","Monte Morris","DEN","$8,333,333","$9,000,000","$9,666,667","","","","Bird","$27,000,000"
"155","Trae Young","ATL","$8,326,471","$29,750,000","$32,130,000","$34,510,000","$36,890,000","$39,270,000","1st Round Pick","$180,876,471"
"156","JaMychal Green","DEN","$8,292,683","$8,707,317","","","","","Non Bird","$17,000,000"
"157","LaMelo Ball","CHO","$8,231,760","$8,623,920","$10,900,635","","","","1st Round Pick","$16,855,680"
"158","Seth Curry","PHI","$8,186,047","$8,558,140","","","","","MLE","$16,744,187"
"159","Mason Plumlee","CHO","$8,137,500","$8,525,000","","","","","Cap space","$16,662,500"
"160","Evan Mobley","CLE","$8,075,160","$8,478,720","$8,882,760","$11,227,809","","","1st Round Pick","$16,553,880"
"161","Cedi Osman","CLE","$8,050,000","$7,350,000","$6,650,000","","","","MLE","$15,400,000"
"162","DeAndre Jordan","DET","$10,517,224","$7,827,907","","","","","","$15,703,440"
"163","De'Andre Hunter","ATL","$7,775,400","$9,835,881","","","","","1st Round Pick","$17,611,281"
"164","Mo Bamba","ORL","$7,568,742","","","","","","1st Round Pick","$7,568,742"
"165","Tyus Jones","MEM","$7,522,200","","","","","","MLE","$7,522,200"
"166","Ivica Zubac","LAC","$7,518,518","$7,518,518","","","","","Bird Rights","$7,518,518"
"167","T.J. McConnell","IND","$7,500,000","$8,100,000","$8,700,000","$9,300,000","","","Early Bird","$29,300,000"
"168","Patrick Williams","CHI","$7,422,000","$7,775,400","$9,835,881","","","","1st Round Pick","$15,197,400"
"169","Scottie Barnes","TOR","$7,280,520","$7,644,720","$8,008,560","$10,130,828","","","1st Round Pick","$14,925,240"
"170","Darius Garland","CLE","$7,040,880","$8,920,795","","","","","1st Round Pick","$15,961,675"
"171","Juancho Hernangómez","BOS","$7,012,440","$7,531,880","","","","","Bird","$7,012,440"
"172","Chris Boucher","TOR","$7,009,615","","","","","","Early Bird","$7,009,615"
"173","D.J. Augustin","HOU","$7,000,000","$7,333,333","","","","","MLE","$7,333,333"
"174","P.J. Tucker","MIA","$7,000,000","$7,350,000","","","","","MLE","$7,000,000"
"175","Zach Collins","SAS","$6,984,127","$7,333,333","$7,682,540","","","","Cap Space","$22,000,000"
"176","Wendell Carter Jr.","ORL","$6,920,027","$14,150,000","$13,050,000","$11,950,000","$10,850,000","","1st Round Pick","$50,000,000"
"177","Isaac Okoro","CLE","$6,720,720","$7,040,880","$8,920,795","","","","1st Round Pick","$13,761,600"
"178","Jalen Suggs","ORL","$6,593,040","$6,922,440","$7,252,200","$9,188,537","","","1st Round Pick","$13,515,480"
"179","Cameron Payne","PHO","$6,500,000","$6,000,000","$6,500,000","","","","Early Bird","$14,500,000"
"180","Joakim Noah","NYK","$6,431,666","","","","","","","$6,431,666"
"181","Jarrett Culver","MEM","$6,395,160","$8,109,063","","","","","1st Round Pick","$6,395,160"
"182","Khem Birch","TOR","$6,350,000","$6,667,750","$6,985,000","","","","MLE","$20,002,750"
"183","Collin Sexton","CLE","$6,349,671","","","","","","1st Round Pick","$6,349,671"
"184","Onyeka Okongwu","ATL","$6,104,280","$6,395,160","$8,109,063","","","","1st Round Pick","$12,499,440"
"185","Justin Holiday","IND","$6,006,420","$6,292,440","","","","","Non Bird","$12,298,860"
"186","Josh Giddey","OKC","$5,988,000","$6,287,400","$6,587,040","$8,352,367","","","1st Round Pick","$12,275,400"
"187","Rudy Gay","UTA","$5,890,000","$6,184,500","$6,479,000","","","","Mini MLE","$12,074,500"
"188","Patty Mills","BRK","$5,890,000","$6,184,500","","","","","Mini MLE","$5,890,000"
"189","Dennis Schröder","BOS","$5,890,000","","","","","","Mini MLE","$5,890,000"
"190","Kevin Knox","NYK","$5,845,978","","","","","","1st Round Pick","$5,845,978"
"191","Coby White","CHI","$5,837,760","$7,413,955","","","","","1st Round Pick","$5,837,760"
"192","Timofey Mozgov","ORL","$5,573,334","","","","","","","$5,573,334"
"193","Killian Hayes","DET","$5,572,680","$5,837,760","$7,413,955","","","","1st Round Pick","$11,410,440"
"194","Mikal Bridges","PHO","$5,557,725","$20,089,286","$21,696,429","$23,303,571","$24,910,714","","1st Round Pick","$95,557,725"
"195","Shai Gilgeous-Alexander","OKC","$5,495,532","$29,750,000","$32,130,000","$34,510,000","$36,890,000","$39,270,000","1st Round Pick","$178,045,532"
"196","Jonathan Kuminga","GSW","$5,466,360","$5,739,960","$6,012,720","$7,636,154","","","1st Round Pick","$11,206,320"
"197","Miles Bridges","CHO","$5,421,493","","","","","","1st Round Pick","$5,421,493"
"198","Jaxson Hayes","NOP","$5,348,280","$6,803,012","","","","","1st Round Pick","$12,151,292"
"199","Pat Connaughton","MIL","$5,333,333","$5,728,395","","","","","Early Bird","$5,333,333"
"200","Michael Porter Jr.","DEN","$5,258,735","$29,750,000","$32,130,000","$34,510,000","$36,890,000","$39,270,000","1st Round Pick","$150,538,735"
"201","Ryan Anderson","MIA","$5,214,584","","","","","","","$5,214,584"
"202","Hamidou Diallo","DET","$5,200,000","$5,200,000","","","","","Bird","$5,200,000"
"203","Kevon Looney","GSW","$5,178,572","","","","","","Bird Rights","$5,178,572"
"204","Troy Brown Jr.","CHI","$5,170,564","","","","","","1st Round Pick","$5,170,564"
"205","Obi Toppin","NYK","$5,105,160","$5,348,280","$6,803,012","","","","1st Round Pick","$10,453,440"
"206","Franz Wagner","ORL","$5,007,840","$5,258,280","$5,508,720","$7,007,092","","","1st Round Pick","$10,266,120"
"207","Josh Jackson","DET","$5,005,350","","","","","","Room Exception","$5,005,350"
"208","JaVale McGee","PHO","$5,000,000","","","","","","MLE","$5,000,000"
"209","Robin Lopez","ORL","$5,000,000","","","","","","MLE","$5,000,000"
"210","Kendrick Nunn","LAL","$5,000,000","$5,250,000","","","","","Mini MLE","$5,000,000"
"211","Lou Williams","ATL","$5,000,000","","","","","","Bird","$5,000,000"
"212","Luol Deng","LAL","$4,990,000","","","","","","","$4,990,000"
"213","Rui Hachimura","WAS","$4,916,160","$6,263,188","","","","","1st Round Pick","$11,179,348"
"214","Garrett Temple","NOP","$4,910,000","$5,155,500","$5,401,000","","","","Sign and Trade","$10,065,500"
"215","Cory Joseph","DET","$7,310,000","$5,155,000","","","","","Room Exception","$7,310,000"
"216","Taj Gibson","NYK","$4,910,000","$5,155,500","","","","","Room Exception","$4,910,000"
"217","Torrey Craig","IND","$4,878,049","$5,121,951","","","","","MLE","$10,000,000"
"218","Rajon Rondo","MEM","$2,641,691","","","","","","","$4,858,309"
"219","Bruce Brown","BRK","$4,736,102","","","","","","","$4,736,102"
"220","Deni Avdija","WAS","$4,692,840","$4,916,160","$6,263,188","","","","1st Round Pick","$9,609,000"
"221","Donte DiVincenzo","MIL","$4,675,830","","","","","","1st Round Pick","$4,675,830"
"222","Cam Reddish","ATL","$4,670,160","$5,954,454","","","","","1st Round Pick","$10,624,614"
"223","David Nwaba","HOU","$4,650,000","$5,022,000","$5,394,000","","","","Early Bird","$9,672,000"
"224","Furkan Korkmaz","PHI","$4,629,630","$5,000,000","$5,370,370","","","","Bird","$15,000,000"
"225","Davion Mitchell","SAC","$4,603,320","$4,833,600","$5,063,760","$6,451,230","","","1st Round Pick","$9,436,920"
"226","Bryn Forbes","SAS","$4,500,000","","","","","","Room Exception","$4,500,000"
"227","Jeff Green","DEN","$4,500,000","$4,500,000","","","","","MLE","$4,500,000"
"228","Ish Smith","CHO","$4,500,000","$4,725,000","","","","","Room Exception","$4,500,000"
"229","Jalen Smith","PHO","$4,458,000","$4,670,160","$5,954,454","","","","1st Round Pick","$4,458,000"
"230","Lonnie Walker IV","SAS","$4,447,896","","","","","","1st Round Pick","$4,447,896"
"231","Cameron Johnson","PHO","$4,437,000","$5,887,899","","","","","1st Round Pick","$10,324,899"
"232","Ziaire Williams","MEM","$4,373,160","$4,591,920","$4,810,200","$6,133,005","","","1st Round Pick","$8,965,080"
"233","Maurice Harkless","SAC","$4,347,600","$4,564,980","","","","","Non Bird","$8,912,580"
"234","Bobby Portis","MIL","$4,347,600","$4,564,980","","","","","Non Bird","$4,347,600"
"235","Jarred Vanderbilt","MIN","$4,259,259","$4,600,000","$4,940,741","","","","Bird","$13,800,000"
"236","Kevin Huerter","ATL","$4,253,357","$14,508,929","$15,669,643","$16,830,357","$17,991,071","","1st Round Pick","$69,253,357"
"237","Devin Vassell","SAS","$4,235,160","$4,437,000","$5,887,899","","","","1st Round Pick","$8,672,160"
"238","P.J. Washington","CHO","$4,215,120","$5,808,435","","","","","1st Round Pick","$10,023,555"
"239","Willie Cauley-Stein","DAL","$4,200,000","","","","","","MLE","$4,200,000"
"240","James Bouknight","CHO","$4,154,400","$4,362,240","$4,570,080","$6,064,496","","","1st Round Pick","$8,516,640"
"241","Josh Okogie","MIN","$4,087,904","","","","","","1st Round Pick","$4,087,904"
"242","Grayson Allen","MIL","$4,054,695","$9,615,385","$10,384,615","","","","1st Round Pick","$24,054,695"
"243","Tyrese Haliburton","SAC","$4,023,600","$4,215,120","$5,808,435","","","","1st Round Pick","$8,238,720"
"244","Tyler Herro","MIA","$4,004,280","$5,722,116","","","","","1st Round Pick","$9,726,396"
"245","Terence Davis","SAC","$4,000,000","$4,000,000","","","","","Early Bird","$8,000,000"
"246","George Hill","MIL","$4,000,000","$4,000,000","","","","","MLE","$8,000,000"
"247","Dorian Finney-Smith","DAL","$4,000,000","","","","","","Bird Rights","$4,000,000"
"248","Gorgui Dieng","ATL","$4,000,000","","","","","","MLE","$4,000,000"
"249","Aaron Holiday","WAS","$3,980,551","","","","","","1st Round Pick","$3,980,551"
"250","Joshua Primo","SAS","$3,946,800","$4,144,320","$4,341,600","$5,982,725","","","1st Round Pick","$8,091,120"
"251","Jake Layman","MIN","$3,940,184","","","","","","Sign and Trade","$3,940,184"
"252","Anfernee Simons","POR","$3,938,818","","","","","","1st Round Pick","$3,938,818"
"253","Justise Winslow","LAC","$3,902,439","$4,097,561","","","","","Mini MLE","$8,000,000"
"254","Jevon Carter","BRK","$3,833,333","$4,117,284","","","","","Early Bird","$7,950,617"
"255","Kira Lewis Jr.","NOP","$3,822,240","$4,004,280","$5,722,116","","","","1st Round Pick","$7,826,520"
"256","Romeo Langford","BOS","$3,804,360","$5,634,257","","","","","1st Round Pick","$9,438,617"
"257","Facundo Campazzo","DEN","$3,804,150","","","","","","Bi-Annual Exception","$3,804,150"
"258","Landry Shamet","PHO","$3,768,342","$9,598,214","$10,366,071","$11,133,929","$11,901,786","","1st Round Pick","$46,768,342"
"259","Chris Duarte","IND","$3,749,520","$3,936,960","$4,124,280","$5,893,596","","","1st Round Pick","$7,686,480"
"260","Alex Len","SAC","$3,731,707","$3,918,293","","","","","Bi-Annual Exception","$7,650,000"
"261","Robert Williams","BOS","$3,661,976","$10,700,000","$11,556,000","$12,412,000","$13,268,000","","1st Round Pick","$51,597,976"
"262","Aaron Nesmith","BOS","$3,631,200","$3,804,360","$5,634,257","","","","1st Round Pick","$7,435,560"
"263","Moses Moody","GSW","$3,562,080","$3,740,160","$3,918,480","$5,803,269","","","1st Round Pick","$7,302,240"
"264","Boban Marjanović","DAL","$3,500,000","$3,500,000","","","","","Early Bird","$7,000,000"
"265","Mike Muscala","OKC","$3,500,000","$3,500,000","","","","","MLE","$3,500,000"
"266","Cole Anthony","ORL","$3,449,400","$3,613,680","$5,539,771","","","","1st Round Pick","$7,063,080"
"267","Corey Kispert","WAS","$3,383,640","$3,552,960","$3,722,040","$5,705,887","","","1st Round Pick","$6,936,600"
"268","Trey Burke","DAL","$3,333,333","$3,492,063","","","","","MLE","$3,333,333"
"269","Georges Niang","PHI","$3,300,000","$3,465,000","","","","","MLE","$6,765,000"
"270","Chuma Okeke","ORL","$3,277,080","$3,433,320","$5,266,713","","","","1st Round Pick","$6,710,400"
"271","Isaiah Stewart","DET","$3,277,080","$3,433,320","$5,266,713","","","","1st Round Pick","$6,710,400"
"272","Nickeil Alexander-Walker","NOP","$3,261,480","$5,009,633","","","","","1st Round Pick","$8,271,113"
"273","Alperen Şengün","HOU","$3,214,680","$3,375,480","$3,536,400","$5,424,838","","","1st Round Pick","$6,590,160"
"274","Nicolas Batum","LAC","$12,213,507","$12,372,008","","","","","Non Bird","$3,170,029"
"275","Jon Leuer","MIL","$3,169,347","","","","","","","$3,169,347"
"276","Aleksej Pokusevski","OKC","$3,113,160","$3,261,480","$5,009,633","","","","1st Round Pick","$6,374,640"
"277","Goga Bitadze","IND","$3,098,400","$4,765,339","","","","","1st Round Pick","$7,863,739"
"278","Trey Murphy III","NOP","$3,053,760","$3,206,640","$3,359,280","$5,159,854","","","1st Round Pick","$6,260,400"
"279","Sterling Brown","DAL","$3,000,000","$3,000,000","","","","","Bi-Annual Exception","$6,000,000"
"280","Michael Carter-Williams","ORL","$3,000,000","","","","","","Early Bird","$3,000,000"
"281","Frank Jackson","DET","$3,000,000","$3,150,000","","","","","Cap Space","$3,000,000"
"282","Luka Šamanić","SAS","","","","","","","","$2,959,080"
"283","Josh Green","DAL","$2,957,520","$3,098,400","$4,765,339","","","","1st Round Pick","$6,055,920"
"284","Tre Mann","OKC","$2,901,240","$3,046,200","$3,191,280","$4,908,189","","","1st Round Pick","$5,947,440"
"285","Dewayne Dedmon","DET","$5,256,308","$2,866,667","$2,866,667","$2,866,667","","","","$11,466,668"
"286","Andrew Nicholson","POR","$2,844,429","$2,844,429","$2,844,429","","","","","$8,533,287"
"287","Matisse Thybulle","PHI","$2,840,160","$4,379,527","","","","","1st Round Pick","$7,219,687"
"288","Saddiq Bey","DET","$2,824,320","$2,959,080","$4,556,983","","","","1st Round Pick","$5,783,400"
"289","Kai Jones","CHO","$2,770,560","$2,909,160","$3,047,760","$4,693,550","","","1st Round Pick","$5,679,720"
"290","Brandon Clarke","MEM","$2,726,880","$4,343,920","","","","","1st Round Pick","$7,070,800"
"291","Precious Achiuwa","TOR","$2,711,280","$2,840,160","$4,379,527","","","","1st Round Pick","$5,551,440"
"292","Jalen Johnson","ATL","$2,659,560","$2,792,520","$2,925,480","$4,511,090","","","1st Round Pick","$5,452,080"
"293","E'Twaun Moore","ORL","$2,641,691","","","","","","Minimum Salary","$2,641,691"
"294","Udonis Haslem","MIA","$2,641,691","","","","","","Minimum Salary","$2,641,691"
"295","Markieff Morris","MIA","$2,641,691","","","","","","Minimum Salary","$2,641,691"
"296","DeAndre Jordan","LAL","$10,517,224","$7,827,907","","","","","Minimum Salary","$2,641,691"
"297","Dwight Howard","LAL","$2,641,691","","","","","","Minimum Salary","$2,641,691"
"298","Wayne Ellington","LAL","$2,641,691","","","","","","Minimum Salary","$2,641,691"
"299","Trevor Ariza","LAL","$2,641,691","","","","","","Minimum Salary","$2,641,691"
"300","Carmelo Anthony","LAL","$2,641,691","","","","","","Minimum Salary","$2,641,691"
"301","Andre Iguodala","GSW","$2,641,691","","","","","","Minimum Salary","$2,641,691"
"302","Rajon Rondo","CLE","$2,641,691","","","","","","Minimum Salary","$2,641,691"
"303","Paul Millsap","BRK","$2,641,691","","","","","","Minimum Salary","$2,641,691"
"304","LaMarcus Aldridge","BRK","$2,641,691","","","","","","Minimum Salary","$2,641,691"
"305","Blake Griffin","BRK","$32,405,817","","","","","","Minimum Salary","$2,641,691"
"306","James Johnson","BRK","$2,641,691","","","","","","Minimum Salary","$2,641,691"
"307","Enes Freedom","BOS","$2,641,691","","","","","","Minimum Salary","$2,641,691"
"308","Avery Bradley","LAL","$2,641,691","","","","","","",""
"309","Ed Davis","CLE","$2,641,691","","","","","","",""
"310","Grant Williams","BOS","$2,617,800","$4,306,281","","","","","1st Round Pick","$6,924,081"
"311","Tyrese Maxey","PHI","$2,602,920","$2,726,880","$4,343,920","","","","1st Round Pick","$5,329,800"
"312","Keon Johnson","LAC","$2,553,120","$2,681,040","$2,808,720","$4,474,291","","","1st Round Pick","$5,234,160"
"313","Darius Bazley","OKC","$2,513,040","$4,264,629","","","","","1st Round Pick","$6,777,669"
"314","Trey Lyles","DET","$2,500,000","$2,625,000","","","","","Cap Space","$2,500,000"
"315","Zeke Nnaji","DEN","$2,498,760","$2,617,800","$4,306,281","","","","1st Round Pick","$5,116,560"
"316","Isaiah Jackson","IND","$2,451,120","$2,573,760","$2,696,280","$4,435,381","","","1st Round Pick","$5,024,880"
"317","Ty Jerome","OKC","$2,412,840","$4,220,057","","","","","1st Round Pick","$6,632,897"
"318","Hassan Whiteside","UTA","$2,401,537","","","","","","Minimum Salary","$2,401,537"
"319","Andre Drummond","PHI","$2,401,537","","","","","","Minimum Salary","$2,401,537"
"320","Kent Bazemore","LAL","$2,401,537","","","","","","Minimum Salary","$2,401,537"
"321","Austin Rivers","DEN","$2,401,537","","","","","","Minimum Salary","$2,401,537"
"322","Cory Joseph","DET","$7,310,000","$5,155,000","","","","","","$7,310,000"
"323","Tony Snell","POR","$2,389,641","","","","","","Minimum Salary","$2,389,641"
"324","Cody Zeller","POR","$2,389,641","","","","","","Minimum Salary","$2,389,641"
"325","Ben McLemore","POR","$2,389,641","","","","","","Minimum Salary","$2,389,641"
"326","Victor Oladipo","MIA","$2,389,641","","","","","","Minimum Salary","$2,389,641"
"327","Dewayne Dedmon","MIA","$5,256,308","$2,866,667","$2,866,667","$2,866,667","","","Minimum Salary","$2,389,641"
"328","Otto Porter Jr.","GSW","$2,389,641","","","","","","Minimum Salary","$2,389,641"
"329","Solomon Hill","ATL","$2,389,641","","","","","","Minimum Salary","$2,389,641"
"330","Leandro Bolmaro","MIN","$2,353,320","$2,471,160","$2,588,400","$4,392,515","","","1st Round Pick","$4,824,480"
"331","Usman Garuba","HOU","$2,353,320","$2,471,160","$2,588,400","$4,392,515","","","1st Round Pick","$4,824,480"
"332","Willy Hernangómez","NOP","$2,327,220","$2,443,581","$2,559,942","","","","Non Bird","$4,770,801"
"333","Nassir Little","POR","$2,316,240","$4,171,548","","","","","1st Round Pick","$6,487,788"
"334","R.J. Hampton","ORL","$2,303,040","$2,412,840","$4,220,057","","","","1st Round Pick","$4,715,880"
"335","Josh Christopher","HOU","$2,259,240","$2,372,160","$2,485,200","$4,346,615","","","1st Round Pick","$4,631,400"
"336","Monta Ellis","IND","$2,245,400","","","","","","","$2,245,400"
"337","Elfrid Payton","PHO","$2,239,544","","","","","","Minimum Salary","$2,239,544"
"338","Rodney Hood","MIL","$2,239,544","","","","","","Minimum Salary","$2,239,544"
"339","Jabari Parker","BOS","$2,239,544","","","","","","Minimum Salary","$100,000"
"340","Dylan Windler","CLE","$2,239,200","$4,037,278","","","","","1st Round Pick","$6,276,478"
"341","Immanuel Quickley","NYK","$2,210,640","$2,316,240","$4,171,548","","","","1st Round Pick","$4,526,880"
"342","John Konchar","MEM","$2,197,674","$2,302,326","$2,406,977","","","","MLE","$6,906,977"
"343","Quentin Grimes","NYK","$2,168,760","$2,277,000","$2,385,720","$4,296,682","","","1st Round Pick","$4,445,760"
"344","Jordan Poole","GSW","$2,161,440","$3,901,399","","","","","1st Round Pick","$6,062,839"
"345","Bol Bol","DEN","$2,161,152","","","","","","MLE","$2,161,152"
"346","Keldon Johnson","SAS","$2,145,720","$3,873,025","","","","","1st Round Pick","$6,018,745"
"347","Payton Pritchard","BOS","$2,137,440","$2,239,200","$4,037,278","","","","1st Round Pick","$4,376,640"
"348","Kevin Porter Jr.","HOU","$2,130,240","$3,845,083","","","","","1st Round Pick","$5,975,323"
"349","Gary Clark","DEN","$3,382,007","","","","","","","$2,100,000"
"350","Bones Hyland","DEN","$2,096,880","$2,201,400","$2,306,400","$4,158,439","","","1st Round Pick","$4,298,280"
"351","Raul Neto","WAS","$2,089,448","","","","","","Minimum Salary","$2,089,448"
"352","Frank Kaminsky","PHO","$2,089,448","","","","","","Minimum Salary","$2,089,448"
"353","Nemanja Bjelica","GSW","$2,089,448","","","","","","Minimum Salary","$2,089,448"
"354","Udoka Azubuike","UTA","$2,075,880","$2,174,880","$3,923,484","","","","1st Round Pick","$4,250,760"
"355","Jaden McDaniels","MIN","$2,063,280","$2,161,440","$3,901,399","","","","1st Round Pick","$4,224,720"
"356","Malachi Flynn","TOR","$2,048,040","$2,145,720","$3,873,025","","","","1st Round Pick","$4,193,760"
"357","Cam Thomas","BRK","$2,036,280","$2,138,160","$2,240,040","$4,041,032","","","1st Round Pick","$4,174,440"
"358","Desmond Bane","MEM","$2,033,160","$2,130,240","$3,845,083","","","","1st Round Pick","$4,163,400"
"359","Jaden Springer","PHI","$2,023,800","$2,125,200","$2,226,360","$4,018,580","","","1st Round Pick","$4,149,000"
"360","Day'Ron Sharpe","BRK","$2,009,040","$2,109,360","$2,210,160","$3,989,339","","","1st Round Pick","$4,118,400"
"361","DeMarcus Cousins","MIL","$2,004,047","","","","","","",""
"362","Jeremiah Robinson-Earl","OKC","$2,000,000","$2,000,000","$1,900,000","$1,988,598","","","MLE","$4,000,000"
"363","Killian Tillie","MEM","$2,000,000","$2,000,000","","","","","Room Exception","$4,000,000"
"364","Abdel Nader","PHO","$2,000,000","$2,160,000","","","","","Bird","$2,000,000"
"365","Théo Maledon","OKC","$2,000,000","$1,900,000","$1,930,681","","","","MLE","$2,000,000"
"366","Kenrich Williams","OKC","$2,000,000","$2,000,000","","","","","",""
"367","Santi Aldama","MEM","$1,994,520","$2,094,240","$2,194,200","$3,960,531","","","1st Round Pick","$4,088,760"
"368","Damian Jones","SAC","$1,977,011","","","","","","",""
"369","Wesley Matthews","MIL","$1,958,501","","","","","","",""
"370","Rodney McGruder","DET","$1,939,350","","","","","","Minimum Salary","$1,939,350"
"371","DeAndre' Bembry","BRK","$1,939,350","","","","","","Minimum Salary","$750,000"
"372","Gary Payton II","GSW","$1,939,350","","","","","","Minimum Salary","$350,000"
"373","Timothé Luwawu-Cabarrot","ATL","$1,939,350","","","","","","",""
"374","Damion Lee","GSW","$1,910,860","","","","","","",""
"375","Larry Sanders","MIL","$1,865,547","","","","","","","$1,865,547"
"376","Shake Milton","PHI","$1,846,738","$1,997,718","","","","","Cap Space","$1,846,738"
"377","Mitchell Robinson","NYK","$1,802,057","","","","","","MLE","$1,802,057"
"378","Jalen Brunson","DAL","$1,802,057","","","","","","",""
"379","Semi Ojeleye","MIL","$1,789,256","","","","","","Minimum Salary","$1,789,256"
"380","Malik Monk","LAL","$1,789,256","","","","","","Minimum Salary","$1,789,256"
"381","Frank Ntilikina","DAL","$1,789,256","$2,036,318","","","","","Minimum Salary","$1,789,256"
"382","Tony Bradley","CHI","$1,789,256","$2,036,318","","","","","Minimum Salary","$1,789,256"
"383","Dennis Smith Jr.","POR","$1,789,256","","","","","","",""
"384","Didi Louzada","NOP","$1,786,878","$1,876,222","$1,965,566","$2,057,646","","","Non Bird","$3,663,100"
"385","Daniel Gafford","WAS","$1,782,621","$1,930,681","$12,402,000","$13,394,160","$14,386,320","","Minimum Salary","$43,895,782"
"386","Terance Mann","LAC","$1,782,621","$1,930,681","$10,576,923","$11,423,077","","","Minimum Salary","$25,713,302"
"387","Eric Paschall","UTA","$1,782,621","","","","","","MLE","$1,782,621"
"388","KZ Okpala","MIA","$1,782,621","","","","","","MLE","$1,782,621"
"389","Cody Martin","CHO","$1,782,621","","","","","","MLE","$1,782,621"
"390","Nic Claxton","BRK","$1,782,621","","","","","","Minimum Salary","$1,782,621"
"391","Bruno Fernando","BOS","$1,782,621","","","","","","Cap space","$1,782,621"
"392","Luguentz Dort","OKC","$1,782,621","$1,930,681","","","","","Minimum Salary","$625,000"
"393","Isaiah Roby","OKC","$1,782,621","$1,930,681","","","","","",""
"394","Miye Oni","OKC","$1,782,621","","","","","","",""
"395","Naz Reid","MIN","$1,782,621","$1,930,681","","","","","",""
"396","Jaylen Nowell","MIN","$1,782,621","$1,930,681","","","","","",""
"397","Vlatko Čančar","DEN","$1,782,621","","","","","","",""
"398","Dean Wade","CLE","$1,782,621","$1,930,681","","","","","",""
"399","Jalen McDaniels","CHO","$1,782,621","$1,930,681","","","","","",""
"400","Drew Eubanks","SAS","$1,762,796","$1,910,860","","","","","Minimum Salary","$500,000"
"401","Chimezie Metu","SAC","$1,762,796","$1,910,860","","","","","",""
"402","Yuta Watanabe","TOR","$1,762,769","","","","","","",""
"403","Svi Mykhailiuk","TOR","$1,729,217","$1,878,720","","","","","Minimum Salary","$1,729,217"
"404","Keita Bates-Diop","SAS","$1,729,217","$1,878,720","","","","","Minimum Salary","$1,729,217"
"405","Moritz Wagner","ORL","$1,729,217","$1,878,720","","","","","Minimum Salary","$1,729,217"
"406","Thanasis Antetokounmpo","MIL","$1,729,217","$1,878,720","","","","","Minimum Salary","$1,729,217"
"407","Isaac Bonga","TOR","$1,729,217","","","","","","",""
"408","Isaiah Hartenstein","LAC","$3,430,810","","","","","","",""
"409","Alize Johnson","CHI","$1,828,597","","","","","","",""
"410","Juan Toscano-Anderson","GSW","$1,701,593","","","","","","Minimum Salary","$1,701,593"
"411","Oshae Brissett","IND","$1,701,593","$1,846,738","","","","","",""
"412","Kelan Martin","IND","$1,701,593","","","","","","",""
"413","Moses Brown","DAL","$1,701,593","$1,846,738","$1,997,718","","","","",""
"414","Isaiah Hartenstein","CLE","$3,430,810","","","","","","",""
"415","Herbert Jones","NOP","$1,700,000","$1,785,000","$1,836,096","","","","MLE","$3,485,000"
"416","Gabriel Deck","OKC","$1,690,507","","","","","","Cap Space","$1,690,507"
"417","Jordan McLaughlin","MIN","$1,669,178","$1,815,677","$1,968,182","","","","Early Bird","$5,453,037"
"418","Javonte Green","CHI","$1,669,178","$1,815,677","","","","","Minimum Salary","$3,484,855"
"419","Max Strus","MIA","$1,669,178","$1,815,677","","","","","Minimum Salary","$1,669,178"
"420","Gabe Vincent","MIA","$1,669,178","$1,815,677","","","","","Minimum Salary","$1,669,178"
"421","Kevin Pangos","CLE","$1,669,178","$1,815,677","","","","","MLE","$1,669,178"
"422","Matt Thomas","CHI","$1,669,178","","","","","","Minimum Salary","$1,669,178"
"423","Xavier Tillman Sr.","MEM","$1,517,981","$1,782,621","$1,930,681","","","","MLE","$3,300,602"
"424","Tyrell Terry","DAL","$1,517,981","$1,782,621","","","","","","$3,300,602"
"425","Vernon Carey Jr.","CHO","$1,517,981","$1,782,621","$1,930,681","","","","Cap Space","$3,300,602"
"426","Robert Woodard II","SAC","$1,517,981","$1,782,621","$1,930,681","","","","MLE","$1,817,981"
"427","Elijah Hughes","UTA","$1,517,981","","","","","","Minimum Salary","$1,517,981"
"428","Tre Jones","SAS","$1,517,981","$1,782,621","","","","","MLE","$1,517,981"
"429","Jahmi'us Ramsey","SAC","$1,517,981","$1,782,621","","","","","MLE","$1,517,981"
"430","CJ Elleby","POR","$1,517,981","","","","","","Minimum Salary","$1,517,981"
"431","Isaiah Joe","PHI","$1,517,981","$1,782,621","","","","","MLE","$1,517,981"
"432","Naji Marshall","NOP","$1,517,981","$1,782,621","$1,930,681","","","","MLE","$1,517,981"
"433","Jordan Nwora","MIL","$1,517,981","","","","","","Minimum Salary","$1,517,981"
"434","Nick Richards","CHO","$1,517,981","$1,782,621","","","","","Cap Space","$1,517,981"
"435","Anthony Gill","WAS","$1,517,981","","","","","","",""
"436","Paul Reed","PHI","$1,517,981","$1,782,621","","","","","",""
"437","Kenyon Martin Jr.","HOU","$1,517,981","$1,782,621","$1,930,681","","","","",""
"438","Jae'Sean Tate","HOU","$1,517,981","$1,782,621","","","","","",""
"439","Lamar Stevens","CLE","$1,517,981","$1,782,621","$1,930,681","","","","",""
"440","Isaiah Todd","WAS","$1,500,000","$1,563,518","$1,836,096","$1,988,598","","","MLE","$4,899,614"
"441","Saben Lee","DET","$1,489,065","$1,752,638","$1,902,137","","","","Cap Space","$3,241,703"
"442","Omer Yurtseven","MIA","$1,489,065","$1,752,638","","","","","Minimum Salary","$1,489,065"
"443","Armoni Brooks","HOU","$1,489,065","$1,752,638","$1,902,137","$2,057,646","","","MLE","$1,489,065"
"444","J.R. Smith","CLE","$1,456,666","","","","","","","$1,456,666"
"445","Danuel House Jr.","HOU","$1,387,498","","","","","","","$1,387,498"
"446","Gary Clark","NOP","$3,382,007","","","","","","",""
"447","George Hill","PHI","$4,000,000","$4,000,000","","","","","","$1,275,491"
"448","DeMarre Carroll","SAS","$1,252,127","","","","","","","$1,252,127"
"449","JT Thor","CHO","$1,250,000","$1,563,518","$1,836,096","$1,988,598","","","Cap Space","$2,813,518"
"450","Garrison Mathews","HOU","$1,093,598","$1,815,677","$1,968,182","$2,230,253","","","Cap Space","$1,093,598"
"451","Alfonzo McKinnie","CHI","$1,090,007","$2,036,318","","","","","Minimum Salary","$202,176"
"452","Jason Preston","LAC","$1,062,303","$1,563,518","$1,836,096","","","","Mini MLE","$2,625,821"
"453","Isaiah Livers","DET","$1,057,260","$1,563,518","$1,836,096","","","","Cap Space","$2,620,778"
"454","Guerschon Yabusele","BOS","$1,039,080","","","","","","","$1,039,080"
"455","Kyle Singler","OKC","$999,200","$999,200","","","","","","$1,998,400"
"456","Jared Butler","UTA","$925,258","$1,563,518","","","","","Minimum Salary","$2,488,776"
"457","Greg Brown III","POR","$925,258","$1,563,518","$1,836,096","","","","Mini MLE","$2,488,776"
"458","Miles McBride","NYK","$925,258","$1,563,518","$1,836,096","","","","Cap Space","$2,488,776"
"459","Brandon Boston Jr.","LAC","$925,258","$1,563,518","$1,836,096","","","","Mini MLE","$2,488,776"
"460","Marko Simonovic","CHI","$925,258","$1,563,518","$1,836,096","","","","MLE","$2,488,776"
"461","Vit Krejci","OKC","$925,258","$1,563,518","$1,836,096","$1,988,598","","","MLE","$1,707,017"
"462","Charles Bassey","PHI","$925,258","$1,563,518","$1,836,096","","","","MLE","$1,000,000"
"463","Dalano Banton","TOR","$925,258","$1,563,518","","","","","Minimum Salary","$925,258"
"464","Jock Landale","SAS","$925,258","$1,563,518","","","","","Minimum Salary","$925,258"
"465","Ayo Dosunmu","CHI","$925,258","$1,563,518","","","","","Minimum Salary","$925,258"
"466","Denzel Mahoney","SAS","$925,258","","","","","","",""
"467","Austin Reaves","LAL","$925,258","","","","","","",""
"468","Luka Garza","DET","$925,258","","","","","","",""
"469","Wayne Selden","NYK","$785,102","","","","","","","$785,102"
"470","Brad Wanamaker","IND","$804,978","","","","","","","$705,598"
"471","Shaun Livingston","GSW","$666,666","","","","","","","$666,666"
"472","Sam Merrill","MEM","$663,024","","","","","","Minimum Salary","$663,024"
"473","Keifer Sykes","IND","$558,345","$1,563,518","","","","","",""
"474","Georgios Kalaitzakis","MIL","$462,629","","","","","","","$462,629"
"475","Sam Dekker","TOR","$350,000","","","","","","","$350,000"
"476","Ish Wainright","TOR","","","","","","","","$375,000"
"477","Bismack Biyombo","PHO","$151,821","","","","","","Minimum Salary","$151,821"
"478","Mario Chalmers","MIA","$138,019","","","","","","Minimum Salary","$138,019"
"479","Lance Stephenson","IND","$138,019","","","","","","Minimum Salary","$138,019"
"480","Brandon Knight","DAL","","","","","","","","$138,019"
"481","Isaiah Thomas","DAL","$138,019","","","","","","Minimum Salary","$138,019"
"482","Lance Stephenson","ATL","$138,019","","","","","","","$138,019"
"483","Isaiah Thomas","LAL","$138,019","","","","","","","$135,680"
"484","Tim Frazier","ORL","$128,709","","","","","","","$257,418"
"485","Tim Frazier","ORL","$128,709","","","","","","Minimum Salary","$257,418"
"486","James Ennis III","LAC","$128,709","","","","","","Minimum Salary","$128,709"
"487","James Ennis III","BRK","$128,709","","","","","","","$126,528"
"488","Troy Williams","HOU","$122,741","$122,741","","","","","","$245,482"
"489","Marquese Chriss","DAL","$111,457","","","","","","","$222,914"
"490","Marquese Chriss","DAL","$111,457","","","","","","Minimum Salary","$222,914"
"491","Danuel House Jr.","NYK","$1,387,498","","","","","","","$111,457"
"492","Nik Stauskas","MIA","$111,457","","","","","","Minimum Salary","$111,457"
"493","Justin Anderson","IND","$111,457","","","","","","Minimum Salary","$111,457"
"494","Justin Anderson","CLE","$111,457","","","","","","","$111,457"
"495","Damyean Dotson","NYK","$102,831","","","","","","","$205,662"
"496","Damyean Dotson","NYK","$102,831","","","","","","Minimum Salary","$205,662"
"497","Shaquille Harrison","BRK","$102,831","","","","","","Minimum Salary","$203,919"
"498","Justin Jackson","PHO","$102,831","","","","","","Minimum Salary","$102,831"
"499","Luke Kornet","MIL","$188,409","","","","","","Minimum Salary","$102,831"
"500","Luke Kornet","CLE","$188,409","","","","","","","$102,831"
"501","Jordan Bell","CHI","$102,831","","","","","","Minimum Salary","$102,831"
"502","Justin Jackson","BOS","$102,831","","","","","","","$102,831"
"503","Shaquille Harrison","BRK","$102,831","","","","","","","$203,919"
"504","Alfonzo McKinnie","CHI","$1,090,007","$2,036,318","","","","","","$202,176"
"505","Alfonzo McKinnie","CHI","$1,090,007","$2,036,318","","","","","","$202,176"
"506","Jabari Parker","BOS","$2,239,544","","","","","","","$100,000"
"507","Theo Pinson","DAL","$99,380","","","","","","Minimum Salary","$197,076"
"508","Brad Wanamaker","WAS","$804,978","","","","","","Minimum Salary","$99,380"
"509","Alize Johnson","WAS","$1,828,597","","","","","","Minimum Salary","$99,380"
"510","Wenyen Gabriel","LAC","$99,380","","","","","","Minimum Salary","$99,380"
"511","Brandon Goodwin","CLE","$99,380","","","","","","Minimum Salary","$99,380"
"512","Wenyen Gabriel","BRK","$99,380","","","","","","","$99,380"
"513","Theo Pinson","DAL","$99,380","","","","","","","$197,076"
"514","Davon Reed","DEN","$95,930","","","","","","","$286,164"
"515","Davon Reed","DEN","$95,930","","","","","","Minimum Salary","$286,164"
"516","Tremont Waters","WAS","$95,930","","","","","","Minimum Salary","$95,930"
"517","Tremont Waters","TOR","$95,930","","","","","","","$95,930"
"518","Jaylen Morris","SAS","$95,930","","","","","","Minimum Salary","$95,930"
"519","Charlie Brown Jr.","PHI","$95,930","","","","","","Minimum Salary","$95,930"
"520","Jaylen Hoard","OKC","$95,930","","","","","","Minimum Salary","$95,930"
"521","Jared Harper","NOP","$95,930","","","","","","Two-Way Contract","$95,930"
"522","Chris Silva","MIN","$95,930","","","","","","","$95,930"
"523","Rayjon Tucker","MIN","$95,930","","","","","","","$95,930"
"524","Chris Silva","MIA","$95,930","","","","","","Minimum Salary","$95,930"
"525","Kyle Guy","MIA","$95,930","","","","","","Minimum Salary","$95,930"
"526","DaQuan Jeffries","MEM","$95,930","","","","","","Minimum Salary","$95,930"
"527","Quinndary Weatherspoon","GSW","","","","","","","","$95,930"
"528","Justin Robinson","DET","$95,930","","","","","","Minimum Salary","$95,930"
"529","Rayjon Tucker","DEN","$95,930","","","","","","Minimum Salary","$95,930"
"530","Charlie Brown Jr.","DAL","$95,930","","","","","","","$95,930"
"531","Chris Clemons","ATL","$95,930","","","","","","Minimum Salary","$95,930"
"532","Davon Reed","DEN","$95,930","","","","","","","$286,164"
"533","Justin Robinson","SAC","$95,930","","","","","","","$94,304"
"534","Demetrius Jackson","BOS","$92,857","$92,857","$92,857","","","","","$278,571"
"535","Freddie Gillespie","ORL","$85,578","","","","","","","$171,156"
"536","Freddie Gillespie","ORL","$85,578","","","","","","Minimum Salary","$171,156"
"537","Matt Mooney","NYK","$85,578","","","","","","","$171,156"
"538","Matt Mooney","NYK","$85,578","","","","","","Minimum Salary","$171,156"
"539","Reggie Perry","POR","$85,578","","","","","","Minimum Salary","$85,578"
"540","Emanuel Terry","PHO","$85,578","","","","","","Minimum Salary","$85,578"
"541","Haywood Highsmith","MIA","$85,578","","","","","","Minimum Salary","$85,578"
"542","Tyrell Terry","MEM","$1,517,981","$1,782,621","","","","","","$85,578"
"543","Nate Hinton","IND","$85,578","","","","","","Minimum Salary","$85,578"
"544","Luke Kornet","DAL","$188,409","","","","","","","$85,578"
"545","Malik Newman","CLE","$85,578","","","","","","Minimum Salary","$85,578"
"546","Cameron Oliver","ATL","$85,578","","","","","","Minimum Salary","$85,578"
"547","Xavier Moon","LAC","$53,176","","","","","","","$106,352"
"548","Xavier Moon","LAC","$53,176","","","","","","Minimum Salary","$106,352"
"549","Mac McClung","CHI","$53,176","","","","","","","$106,352"
"550","Mac McClung","CHI","$53,176","","","","","","Minimum Salary","$106,352"
"551","Jaime Echenique","WAS","$53,176","","","","","","Minimum Salary","$53,176"
"552","Paris Bass","PHO","$53,176","","","","","","Minimum Salary","$53,176"
"553","M.J. Walker","PHO","$53,176","","","","","","Minimum Salary","$53,176"
"554","Craig Sword","NOP","$53,176","","","","","","Minimum Salary","$53,176"
"555","Feron Hunt","NOP","$53,176","","","","","","Minimum Salary","$53,176"
"556","Aric Holman","MIA","$53,176","","","","","","Minimum Salary","$53,176"
"557","Jon Teske","MEM","$53,176","","","","","","Minimum Salary","$53,176"
"558","Dakota Mathias","MEM","$53,176","","","","","","Minimum Salary","$53,176"
"559","Ahmad Caver","IND","$53,176","","","","","","Minimum Salary","$53,176"
"560","DeJon Jarreau","HOU","$53,176","","","","","","Minimum Salary","$53,176"
"561","Jaysean Paige","DET","$53,176","","","","","","Minimum Salary","$53,176"
"562","Trayvon Palmer","DET","$53,176","","","","","","Minimum Salary","$53,176"
"563","Micah Potter","DET","$53,176","","","","","","Minimum Salary","$53,176"
"564","Carlik Jones","DEN","$53,176","","","","","","Minimum Salary","$53,176"
"565","Carlik Jones","DAL","$53,176","","","","","","","$53,176"
"566","Justin Tillman","ATL","$53,176","","","","","","Minimum Salary","$53,176"