"Rk","Player","Tm","2022-23","2023-24","2024-25","2025-26","2026-27","2027-28","Signed Using","Guaranteed"
"1","Stephen Curry","GSW","$48,070,014","$51,915,615","$55,761,216","$59,606,817","","","Bird","$215,353,662"
"2","Russell Westbrook","LAL","$47,063,478","","","","","","Bird Rights","$47,063,478"
"3","LeBron James","LAL","$44,474,988","","","","","","Bird","$44,474,988"
"4","Kevin Durant","BRK","$44,119,845","$46,407,433","$49,856,021","$53,282,609","","","Bird","$193,665,908"
"5","Bradley Beal","WAS","$43,279,250","$46,741,590","$50,203,930","$53,666,270","$57,128,610","","Bird","$193,891,040"
"6","Giannis Antetokounmpo","MIL","$42,492,568","$45,640,165","$48,787,763","$51,935,360","","","Bird","$136,920,496"
"7","Paul George","LAC","$42,492,568","$45,640,165","$48,787,763","","","","Bird","$88,132,733"
"8","Damian Lillard","POR","$42,492,492","$45,640,084","$48,787,676","$58,545,211","$63,228,828","","1st Round Pick","$195,465,463"
"9","Kawhi Leonard","LAC","$42,492,492","$45,640,084","$48,787,676","","","","Early Bird","$88,132,576"
"10","John Wall","HOU","$47,345,760","$6,802,950","","","","","","$40,866,760"
"11","Klay Thompson","GSW","$40,600,080","$43,219,440","","","","","Bird Rights","$83,819,520"
"12","Rudy Gobert","MIN","$38,172,414","$41,000,000","$43,827,587","$46,655,173","","","Bird","$123,000,001"
"13","Anthony Davis","LAL","$37,980,720","$40,600,080","$43,219,440","","","","Bird","$78,580,800"
"14","Khris Middleton","MIL","$37,948,276","$40,396,552","","","","","Bird Rights","$37,948,276"
"15","Jimmy Butler","MIA","$37,653,300","$45,183,960","$48,798,677","$52,413,394","","","Sign and Trade","$131,635,937"
"16","Tobias Harris","PHI","$37,633,050","$39,270,150","","","","","Bird Rights","$76,903,200"
"17","Zach LaVine","CHI","$37,096,500","$40,064,220","$43,031,940","$45,999,660","$48,967,380","","Bird","$166,192,320"
"18","Kyrie Irving","BRK","$36,503,300","","","","","","Cap space","$36,503,300"
"19","Luka Dončić","DAL","$35,700,000","$38,556,000","$41,412,000","$44,268,000","$47,124,000","","Bird","$207,060,000"
"20","Ben Simmons","BRK","$35,448,672","$37,893,408","$40,338,144","","","","1st Round pick","$113,680,224"
"21","Pascal Siakam","TOR","$35,448,672","$37,893,408","","","","","1st Round pick","$73,342,080"
"22","Devin Booker","PHO","$33,833,400","$36,016,200","$50,050,000","$54,054,000","$58,058,000","$62,062,000","1st round pick","$294,073,600"
"23","Karl-Anthony Towns","MIN","$33,833,400","$36,016,200","$50,050,000","$54,054,000","$58,058,000","$62,062,000","1st Round Pick","$232,011,600"
"24","Kristaps Porziņģis","WAS","$33,833,400","$36,016,200","","","","","Bird Rights","$33,833,400"
"25","Joel Embiid","PHI","$33,616,770","$43,732,500","$47,231,100","$50,729,700","$54,228,300","","1st Round Pick","$175,310,070"
"26","Andrew Wiggins","GSW","$33,616,770","","","","","","1st Round Pick","$33,616,770"
"27","CJ McCollum","NOP","$33,333,333","$35,802,469","","","","","1st Round Pick","$69,135,802"
"28","Nikola Jokić","DEN","$32,478,837","$46,550,000","$50,274,000","$53,998,000","$57,722,000","$61,446,000","Bird Rights","$241,022,837"
"29","Jrue Holiday","MIL","$32,393,333","$34,653,333","$36,913,333","","","","Bird","$67,046,666"
"30","Brandon Ingram","NOP","$31,650,600","$33,833,400","$36,016,200","","","","Bird","$101,500,200"
"31","Jamal Murray","DEN","$31,650,600","$33,833,400","$36,016,200","","","","1st Round pick","$101,500,200"
"32","D'Angelo Russell","MIN","$31,377,750","","","","","","Sign and Trade","$31,377,750"
"33","Bam Adebayo","MIA","$30,351,834","$32,600,118","$34,848,402","$37,096,686","","","Bird","$134,897,040"
"34","Jayson Tatum","BOS","$30,351,834","$32,600,118","$34,848,402","$37,096,686","","","Bird","$97,800,354"
"35","De'Aaron Fox","SAC","$30,351,780","$32,600,060","$34,848,340","$37,096,620","","","Bird","$134,896,800"
"36","Donovan Mitchell","UTA","$30,351,780","$32,600,060","$34,848,340","$37,096,620","","","Bird","$97,800,180"
"37","Gordon Hayward","CHO","$30,075,000","$31,500,000","","","","","Sign and Trade","$61,575,000"
"38","Shai Gilgeous-Alexander","OKC","$29,750,000","$32,130,000","$34,510,000","$36,890,000","$39,270,000","","Bird","$172,550,000"
"39","Trae Young","ATL","$29,750,000","$32,130,000","$34,510,000","$36,890,000","$39,270,000","","Bird","$172,550,000"
"40","Michael Porter Jr.","DEN","$29,750,000","$32,130,000","$34,510,000","$36,890,000","$39,270,000","","Bird","$145,280,000"
"41","Jaren Jackson Jr.","MEM","$28,946,605","$27,102,202","$25,257,798","$23,413,395","","","Bird","$104,720,000"
"42","Kevin Love","CLE","$28,942,830","","","","","","Bird Rights","$28,942,830"
"43","Chris Paul","PHO","$28,400,000","$30,800,000","$30,000,000","","","","Bird","$44,200,000"
"44","Kyle Lowry","MIA","$28,333,334","$29,682,540","","","","","Bird","$58,015,874"
"45","Kemba Walker","OKC","$9,165,471","","","","","","","$27,431,078"
"46","DeMar DeRozan","CHI","$27,300,000","$28,600,000","","","","","Sign and Trade","$55,900,000"
"47","Jaylen Brown","BOS","$26,669,643","$28,508,929","","","","","1st Round pick","$55,178,572"
"48","Al Horford","BOS","$26,500,000","","","","","","Cap Space","$14,500,000"
"49","Draymond Green","GSW","$25,806,469","$27,586,225","","","","","Bird Rights","$25,806,469"
"50","Jalen Brunson","NYK","$24,186,047","$25,395,349","$26,604,651","$27,813,953","","","Cap Space","$104,000,000"
"51","Julius Randle","NYK","$23,760,000","$25,660,800","$27,561,600","$29,462,400","","","Bird","$76,982,400"
"52","John Collins","ATL","$23,500,000","$25,340,000","$26,580,000","$26,580,000","","","Bird","$102,000,000"
"53","Mike Conley","UTA","$22,680,000","$24,360,000","","","","","Bird","$37,000,000"
"54","Malcolm Brogdon","BOS","$22,600,000","$21,634,615","$23,365,385","","","","Sign and Trade","$67,600,000"
"55","Anfernee Simons","POR","$22,321,429","$24,107,143","$25,892,857","$27,678,571","","","Bird","$100,000,000"
"56","Nikola Vučević","CHI","$22,000,000","","","","","","Bird Rights","$22,000,000"
"57","Terry Rozier","CHO","$21,486,316","$23,205,221","$24,924,126","$26,643,031","","","Bird","$96,258,694"
"58","Fred VanVleet","TOR","$21,250,000","$22,824,074","","","","","Bird","$21,250,000"
"59","Jerami Grant","POR","$20,955,000","","","","","","Sign and Trade","$20,955,000"
"60","Buddy Hield","IND","$20,522,727","$18,568,182","","","","","1st Round pick","$39,090,909"
"61","Mikal Bridges","PHO","$20,089,286","$21,696,429","$23,303,571","$24,910,714","","","Bird","$90,000,000"
"62","Jarrett Allen","CLE","$20,000,000","$20,000,000","$20,000,000","$20,000,000","","","Bird","$80,000,000"
"63","Aaron Gordon","DEN","$19,690,909","$21,266,182","$22,841,455","$22,841,455","","","Bird","$63,798,546"
"64","Tim Hardaway Jr.","DAL","$19,602,273","$17,897,728","$16,193,183","","","","Bird","$53,693,184"
"65","Eric Gordon","HOU","$19,568,360","$20,917,902","","","","","Cap Space","$19,568,360"
"66","Lonzo Ball","CHI","$19,534,884","$20,465,117","$21,395,348","","","","Sign and Trade","$40,000,001"
"67","Bojan Bogdanović","UTA","$19,343,000","","","","","","Cap Space","$19,343,000"
"68","Caris LeVert","CLE","$18,796,296","","","","","","1st Round pick","$18,796,296"
"69","Joe Harris","BRK","$18,642,857","$19,928,571","","","","","Bird","$38,571,428"
"70","Domantas Sabonis","SAC","$18,500,000","$19,400,000","","","","","1st Round pick","$37,900,000"
"71","Harrison Barnes","SAC","$18,352,273","","","","","","Bird Rights","$18,352,273"
"72","Clint Capela","ATL","$18,206,897","$20,616,000","$22,265,280","","","","Bird Rights","$61,088,177"
"73","Evan Fournier","NYK","$18,000,000","$18,857,143","$19,000,000","","","","Sign and Trade","$55,857,143"
"74","Spencer Dinwiddie","DAL","$18,000,000","$18,857,143","","","","","Sign and Trade","$28,000,000"
"75","Bogdan Bogdanović","ATL","$18,000,000","$18,000,000","","","","","Cap Space","$18,000,000"
"76","Steven Adams","MEM","$17,926,829","","","","","","1st Round Pick","$17,926,829"
"77","Myles Turner","IND","$17,500,000","","","","","","1st Round pick","$17,500,000"
"78","Jonathan Isaac","ORL","$17,400,000","$17,400,000","$17,400,000","","","","Bird","$23,400,000"
"79","OG Anunoby","TOR","$17,357,143","$18,642,857","$19,928,571","","","","Bird","$36,000,000"
"80","Gary Trent Jr.","TOR","$17,280,000","$18,560,000","","","","","Bird","$17,280,000"
"81","Duncan Robinson","MIA","$16,902,000","$18,154,000","$19,406,000","$19,888,000","","","Bird","$64,350,000"
"82","Norman Powell","LAC","$16,758,621","$18,000,000","$19,241,379","$20,482,758","","","Bird","$74,482,758"
"83","Marcus Smart","BOS","$16,607,142","$18,583,713","$19,960,285","$21,336,856","","","Bird","$76,487,996"
"84","Dejounte Murray","ATL","$16,571,120","$17,714,000","","","","","1st Round pick","$34,285,120"
"85","Markelle Fultz","ORL","$16,500,000","$17,000,000","","","","","Bird","$18,500,000"
"86","Lauri Markkanen","CLE","$16,475,454","$17,259,999","$18,044,544","","","","Sign and Trade","$39,735,453"
"87","Derrick White","BOS","$16,392,857","$17,607,143","$18,821,429","","","","Bird","$52,821,429"
"88","Marcus Morris","LAC","$16,372,093","$17,116,279","","","","","Non Bird","$33,488,372"
"89","Dāvis Bertāns","DAL","$16,000,000","$17,000,000","$16,000,000","","","","Bird","$44,000,000"
"90","Jusuf Nurkić","POR","$15,625,000","$16,875,000","$18,125,000","$19,375,000","","","Bird","$70,000,000"
"91","Malik Beasley","UTA","$15,458,035","$16,524,106","","","","","Bird","$15,458,035"
"92","Luguentz Dort","OKC","$15,277,778","$15,277,778","$16,500,000","$17,722,222","$17,722,222","","Bird","$64,777,778"
"93","Tyus Jones","MEM","$15,000,000","$14,000,000","","","","","Bird","$29,000,000"
"94","Jonas Valančiūnas","NOP","$14,700,000","$15,435,000","","","","","Bird","$30,135,000"
"95","Derrick Rose","NYK","$14,520,730","$15,596,339","","","","","Early Bird","$14,520,730"
"96","Kevin Huerter","SAC","$14,508,929","$15,669,643","$16,830,357","$17,991,071","","","Bird","$65,000,000"
"97","Will Barton","WAS","$14,375,000","","","","","","Bird","$14,375,000"
"98","Christian Wood","DAL","$14,317,459","","","","","","Sign and Trade","$14,317,459"
"99","Wendell Carter Jr.","ORL","$14,150,000","$13,050,000","$11,950,000","$10,850,000","","","Bird","$50,000,000"
"100","Kentavious Caldwell-Pope","DEN","$14,004,703","","","","","","Early Bird","$4,888,118"
"101","Brook Lopez","MIL","$13,906,976","","","","","","Cap Space","$13,906,976"
"102","Doug McDermott","SAS","$13,750,000","$13,750,000","","","","","Sign and Trade","$27,500,000"
"103","Luke Kennard","LAC","$13,745,455","$14,763,636","$14,763,636","","","","Bird","$28,509,091"
"104","Zion Williamson","NOP","$13,534,817","$33,250,000","$35,910,000","$38,570,000","$41,230,000","$43,890,000","1st Round Pick","$206,384,817"
"105","Mitchell Robinson","NYK","$13,392,857","$14,464,286","$15,535,714","$16,607,143","","","Bird","$60,000,000"
"106","Jordan Clarkson","UTA","$13,340,000","$14,260,000","","","","","Bird","$13,340,000"
"107","Kyle Kuzma","WAS","$13,000,000","$13,000,000","","","","","Bird","$13,000,000"
"108","Patrick Beverley","UTA","$13,000,000","","","","","","Bird","$13,000,000"
"109","Josh Hart","POR","$12,960,000","$12,960,000","","","","","",""
"110","Kelly Olynyk","DET","$12,804,878","$12,195,122","","","","","Cap Space","$15,804,878"
"111","Chris Boucher","TOR","$12,771,739","$11,750,000","$10,728,261","","","","Bird","$35,250,000"
"112","Kelly Oubre Jr.","CHO","$12,600,000","","","","","","Cap Space","$5,000,000"
"113","Marvin Bagley III","DET","$12,500,000","$12,500,000","$12,500,000","","","","Bird","$37,500,000"
"114","Dorian Finney-Smith","DAL","$12,402,000","$13,394,160","$14,386,320","$15,378,480","","","Bird","$40,182,480"
"115","Josh Richardson","SAS","$12,196,094","","","","","","Bird","$12,196,094"
"116","Ja Morant","MEM","$12,119,440","$33,250,000","$35,910,000","$38,570,000","$41,230,000","$43,890,000","1st Round Pick","$204,969,440"
"117","Robert Covington","LAC","$12,000,000","$12,000,000","","","","","Bird","$24,000,000"
"118","Devonte' Graham","NOP","$11,550,000","$12,100,000","$12,650,000","","","","Sign and Trade","$26,500,000"
"119","Terrence Ross","ORL","$11,500,000","","","","","","Bird Rights","$11,500,000"
"120","Dillon Brooks","MEM","$11,400,000","","","","","","MLE","$11,400,000"
"121","Richaun Holmes","SAC","$11,215,260","$12,046,020","$12,876,780","","","","Early Bird","$23,261,280"
"122","Reggie Jackson","LAC","$11,215,260","","","","","","Early Bird","$11,215,260"
"123","Dwight Powell","DAL","$11,080,125","","","","","","Cap Space","$11,080,125"
"124","Paolo Banchero","ORL","$11,055,120","$11,608,080","$12,160,800","$15,334,769","","","1st Round Pick","$22,663,200"
"125","RJ Barrett","NYK","$10,900,635","","","","","","1st Round Pick","$10,900,635"
"126","Bobby Portis","MIL","$10,843,350","$11,710,818","$12,578,286","$13,445,754","","","Early Bird","$35,132,454"
"127","Nicolas Batum","LAC","$19,700,319","$11,710,818","","","","","Early Bird","$22,554,168"
"128","Anthony Edwards","MIN","$10,733,400","$13,534,817","","","","","1st Round Pick","$10,733,400"
"129","Robert Williams","BOS","$10,700,000","$11,556,000","$12,412,000","$13,268,000","","","Bird","$47,936,000"
"130","Cade Cunningham","DET","$10,552,800","$11,055,240","$13,940,658","","","","1st Round Pick","$10,552,800"
"131","P.J. Tucker","PHI","$10,490,000","$11,014,500","$11,539,000","","","","MLE","$21,504,500"
"132","Danilo Gallinari","SAS","$16,907,880","$6,802,950","","","","","","$10,428,880"
"133","Mo Bamba","ORL","$10,300,000","$10,300,000","","","","","Bird","$10,300,000"
"134","Talen Horton-Tucker","LAL","$10,260,000","$11,020,000","","","","","Early Bird","$10,260,000"
"135","Jae Crowder","PHO","$10,183,800","","","","","","MLE","$10,183,800"
"136","Derrick Favors","OKC","$10,183,800","","","","","","MLE","$10,183,800"
"137","Ivica Zubac","LAC","$10,123,457","$10,933,333","$11,743,210","","","","Bird","$32,800,000"
"138","Reggie Bullock","DAL","$10,012,800","$10,489,600","","","","","MLE","$15,464,000"
"139","Alec Burks","DET","$10,012,800","$10,489,600","","","","","Cap Space","$10,012,800"
"140","Danny Green","MEM","$10,000,000","","","","","","",""
"141","Chet Holmgren","OKC","$9,891,240","$10,386,000","$10,880,640","$13,731,368","","","1st Round Pick","$20,277,240"
"142","De'Andre Hunter","ATL","$9,835,881","","","","","","1st Round Pick","$9,835,881"
"143","Larry Nance Jr.","NOP","$9,672,727","","","","","","1st Round pick","$9,672,727"
"144","James Wiseman","GSW","$9,603,360","$12,119,440","","","","","1st Round Pick","$9,603,360"
"145","Landry Shamet","PHO","$9,598,214","$10,366,071","$11,133,929","$11,901,786","","","Bird","$43,000,000"
"146","Malik Monk","SAC","$9,472,219","$9,945,830","","","","","MLE","$19,418,049"
"147","Jalen Green","HOU","$9,441,720","$9,891,600","$12,483,199","","","","1st Round Pick","$9,441,720"
"148","Jakob Poeltl","SAS","$9,398,148","","","","","","Bird","$9,398,148"
"149","Dario Šarić","PHO","$9,240,000","","","","","","Bird","$9,240,000"
"150","Nerlens Noel","DET","$9,240,000","$9,680,000","","","","","Cap Space","$9,240,000"
"151","Royce O'Neale","BRK","$9,200,000","$9,500,000","","","","","Cap space","$11,700,000"
"152","Kemba Walker","DET","$9,165,471","","","","","","Cap Space","$9,165,471"
"153","Monte Morris","WAS","$9,125,000","$9,800,926","","","","","Bird","$18,925,926"
"154","Alex Caruso","CHI","$9,034,884","$9,465,116","$9,895,349","","","","MLE","$28,395,349"
"155","Maxi Kleber","DAL","$9,000,000","","","","","","",""
"156","Darius Garland","CLE","$8,920,795","$33,250,000","$35,910,000","$38,570,000","$41,230,000","$43,890,000","1st Round Pick","$201,770,795"
"157","Jabari Smith Jr.","HOU","$8,882,640","$9,326,520","$9,770,880","$12,350,392","","","1st Round Pick","$18,209,160"
"158","Nicolas Batum","CHO","$19,700,319","$11,710,818","","","","","","$8,856,969"
"159","Kyle Anderson","MIN","$8,780,488","$9,219,512","","","","","MLE","$18,000,000"
"160","Daniel Theis","IND","$8,694,369","$9,108,386","$9,522,404","","","","Sign and Trade","$17,802,755"
"161","LaMelo Ball","CHO","$8,623,920","$10,900,635","","","","","1st Round Pick","$8,623,920"
"162","Victor Oladipo","MIA","$8,563,846","$9,346,154","","","","","Bird","$8,563,846"
"163","Mason Plumlee","CHO","$8,525,000","","","","","","Cap space","$8,525,000"
"164","Nic Claxton","BRK","$8,500,000","$8,750,000","","","","","Bird","$17,250,000"
"165","Grayson Allen","MIL","$8,500,000","$8,500,000","","","","","Bird","$17,000,000"
"166","Seth Curry","BRK","$8,496,653","","","","","","MLE","$8,496,653"
"167","Evan Mobley","CLE","$8,478,720","$8,882,760","$11,227,809","","","","1st Round Pick","$8,478,720"
"168","Gary Payton II","POR","$8,300,000","$8,715,000","$9,130,000","","","","MLE","$17,015,000"
"169","De'Anthony Melton","PHI","$8,250,000","$8,000,000","","","","","Early Bird","$9,750,000"
"170","JaMychal Green","OKC","$8,200,000","","","","","","","$8,200,000"
"171","Jarrett Culver","MEM","$8,109,063","","","","","","",""
"172","T.J. McConnell","IND","$8,100,000","$8,700,000","$9,300,000","","","","Early Bird","$21,800,000"
"173","Keegan Murray","SAC","$8,008,440","$8,409,000","$8,809,560","$11,144,093","","","1st Round Pick","$16,417,440"
"174","Kevon Looney","GSW","$7,870,370","$8,500,000","$9,129,630","","","","Bird","$25,500,000"
"175","DeAndre Jordan","DET","$10,733,758","","","","","","","$7,827,907"
"176","Delon Wright","WAS","$7,804,878","$8,195,122","","","","","MLE","$16,000,000"
"177","Isaiah Hartenstein","NYK","$7,804,878","$8,195,122","","","","","Cap Space","$16,000,000"
"178","Patrick Williams","CHI","$7,775,400","$9,835,881","","","","","1st Round Pick","$7,775,400"
"179","Taurean Prince","MIN","$7,692,308","$8,307,692","","","","","Bird","$16,000,000"
"180","Scottie Barnes","TOR","$7,644,600","$8,008,680","$10,130,980","","","","1st Round Pick","$7,644,600"
"181","Cedi Osman","CLE","$7,426,088","$6,718,842","","","","","MLE","$7,426,088"
"182","Coby White","CHI","$7,413,955","","","","","","",""
"183","Zach Collins","SAS","$7,350,000","$7,700,000","","","","","Cap Space","$7,350,000"
"184","Jaden Ivey","DET","$7,252,200","$7,614,480","$7,977,240","$10,107,163","","","1st Round Pick","$14,866,680"
"185","Patty Mills","BRK","$7,073,171","$7,426,829","","","","","Non Bird","$14,500,000"
"186","Jae'Sean Tate","HOU","$7,065,217","$6,500,000","$7,065,217","","","","Early Bird","$13,565,217"
"187","Isaac Okoro","CLE","$7,040,880","$8,920,795","","","","","1st Round Pick","$7,040,880"
"188","Jalen Suggs","ORL","$6,922,320","$7,252,080","$9,188,385","","","","1st Round Pick","$6,922,320"
"189","Jaxson Hayes","NOP","$6,803,012","","","","","","1st Round Pick","$6,803,012"
"190","Khem Birch","TOR","$6,667,750","$6,985,000","","","","","MLE","$13,652,750"
"191","Bennedict Mathurin","IND","$6,586,800","$6,916,080","$7,245,720","$9,187,573","","","1st Round Pick","$13,502,880"
"192","John Wall","LAC","$47,345,760","$6,802,950","","","","","Mini MLE","$13,281,950"
"193","Danilo Gallinari","BOS","$16,907,880","$6,802,950","","","","","Mini MLE","$13,281,950"
"194","Joe Ingles","MIL","$6,479,000","","","","","","Mini MLE","$6,479,000"
"195","Lonnie Walker IV","LAL","$6,479,000","","","","","","Mini MLE","$6,479,000"
"196","Bruce Brown","DEN","$6,479,000","$6,802,950","","","","","Mini MLE","$6,479,000"
"197","Onyeka Okongwu","ATL","$6,395,160","$8,109,063","","","","","1st Round Pick","$6,395,160"
"198","Caleb Martin","MIA","$6,327,160","$6,833,333","$7,339,506","","","","Bird","$20,499,999"
"199","Justin Holiday","ATL","$6,292,440","","","","","","Non Bird","$6,292,440"
"200","Josh Giddey","OKC","$6,287,400","$6,587,040","$8,352,367","","","","1st Round Pick","$6,287,400"
"201","Rui Hachimura","WAS","$6,263,188","","","","","","1st Round Pick","$6,263,188"
"202","Rudy Gay","UTA","$6,184,500","$6,479,000","","","","","Mini MLE","$6,184,500"
"203","Shaedon Sharpe","POR","$6,012,960","$6,313,800","$6,614,160","$8,399,983","","","1st Round Pick","$12,326,760"
"204","Cameron Payne","PHO","$6,000,000","$6,500,000","","","","","Early Bird","$8,000,000"
"205","Otto Porter Jr.","TOR","$6,000,000","$6,300,000","","","","","MLE","$6,000,000"
"206","Cam Reddish","NYK","$5,954,454","","","","","","1st Round Pick","$5,954,454"
"207","Cameron Johnson","PHO","$5,887,899","","","","","","1st Round Pick","$5,887,899"
"208","Ricky Rubio","CLE","$5,853,659","$6,146,342","$6,439,025","","","","MLE","$16,250,001"
"209","Killian Hayes","DET","$5,837,760","$7,413,955","","","","","1st Round Pick","$5,837,760"
"210","P.J. Washington","CHO","$5,808,435","","","","","","1st Round Pick","$5,808,435"
"211","Jonathan Kuminga","GSW","$5,739,960","$6,012,720","$7,636,154","","","","1st Round Pick","$5,739,960"
"212","Pat Connaughton","MIL","$5,728,395","","","","","","Early Bird","$5,728,395"
"213","Tyler Herro","MIA","$5,722,116","","","","","","1st Round Pick","$5,722,116"
"214","Romeo Langford","SAS","$5,634,257","","","","","","1st Round Pick","$5,634,257"
"215","Dyson Daniels","NOP","$5,508,600","$5,784,120","$6,059,520","$7,707,709","","","1st Round Pick","$11,292,720"
"216","JaVale McGee","DAL","$5,461,219","$5,734,280","$6,007,341","","","","Mini MLE","$17,202,840"
"217","Obi Toppin","NYK","$5,348,280","$6,803,012","","","","","1st Round Pick","$5,348,280"
"218","Franz Wagner","ORL","$5,258,280","$5,508,720","$7,007,092","","","","1st Round Pick","$5,258,280"
"219","Kendrick Nunn","LAL","$5,250,000","","","","","","Mini MLE","$5,250,000"
"220","Hamidou Diallo","DET","$5,200,000","","","","","","Bird","$5,200,000"
"221","Garrett Temple","NOP","$5,155,500","$5,401,000","","","","","Sign and Trade","$5,155,500"
"222","Cory Joseph","DET","$5,155,000","","","","","","Room Exception","$5,155,000"
"223","Torrey Craig","PHO","$5,121,951","","","","","","MLE","$5,121,951"
"224","Jeremy Sochan","SAS","$5,063,520","$5,316,960","$5,570,040","$7,096,231","","","1st Round Pick","$10,380,480"
"225","David Nwaba","HOU","$5,022,000","$5,394,000","","","","","Early Bird","$5,022,000"
"226","Nickeil Alexander-Walker","UTA","$5,009,633","","","","","","1st Round Pick","$5,009,633"
"227","Furkan Korkmaz","PHI","$5,000,000","$5,370,370","","","","","Bird","$10,370,370"
"228","Deni Avdija","WAS","$4,916,160","$6,263,188","","","","","1st Round Pick","$4,916,160"
"229","Davion Mitchell","SAC","$4,833,600","$5,063,640","$6,451,077","","","","1st Round Pick","$4,833,600"
"230","Johnny Davis","WAS","$4,810,320","$5,050,800","$5,291,160","$6,746,229","","","1st Round Pick","$9,861,120"
"231","Goga Bitadze","IND","$4,765,339","","","","","","1st Round Pick","$4,765,339"
"232","Ish Smith","DEN","$4,725,000","","","","","","Room Exception","$4,725,000"
"233","Dewayne Dedmon","MIA","$7,566,667","$7,190,667","$2,866,667","","","","Early Bird","$4,700,000"
"234","Jalen Smith","IND","$4,670,160","$5,043,773","$5,417,386","","","","Early Bird","$9,713,933"
"235","Ziaire Williams","MEM","$4,591,920","$4,810,200","$6,133,005","","","","1st Round Pick","$4,591,920"
"236","Ousmane Dieng","OKC","$4,569,840","$4,798,440","$5,027,040","$6,670,882","","","1st Round Pick","$9,368,280"
"237","Maurice Harkless","ATL","$4,564,980","","","","","","Non Bird","$4,564,980"
"238","Donte DiVincenzo","GSW","$4,500,000","$4,725,000","","","","","Mini MLE","$4,500,000"
"239","Jeff Green","DEN","$4,500,000","","","","","","MLE","$4,500,000"
"240","Devin Vassell","SAS","$4,437,000","$5,887,899","","","","","1st Round Pick","$4,437,000"
"241","Matisse Thybulle","PHI","$4,379,527","","","","","","1st Round Pick","$4,379,527"
"242","James Bouknight","CHO","$4,362,240","$4,570,080","$6,064,496","","","","1st Round Pick","$4,362,240"
"243","Brandon Clarke","MEM","$4,343,920","","","","","","1st Round Pick","$4,343,920"
"244","Jalen Williams","OKC","$4,341,480","$4,558,680","$4,775,760","$6,580,997","","","1st Round Pick","$8,900,160"
"245","Jarred Vanderbilt","UTA","$4,320,000","$4,640,000","","","","","Bird","$4,620,000"
"246","Grant Williams","BOS","$4,306,281","","","","","","1st Round Pick","$4,306,281"
"247","Darius Bazley","OKC","$4,264,629","","","","","","1st Round Pick","$4,264,629"
"248","Ty Jerome","OKC","$4,220,057","","","","","","1st Round Pick","$4,220,057"
"249","Tyrese Haliburton","IND","$4,215,120","$5,808,435","","","","","1st Round Pick","$4,215,120"
"250","Nassir Little","POR","$4,171,548","","","","","","1st Round Pick","$4,171,548"
"251","Joshua Primo","SAS","$4,144,320","$4,341,600","$5,982,725","","","","1st Round Pick","$4,144,320"
"252","Jalen Duren","DET","$4,124,280","$4,330,680","$4,536,840","$6,483,144","","","1st Round Pick","$8,454,960"
"253","Danuel House Jr.","PHI","$4,105,000","$4,310,250","","","","","Bi-Annual Exception","$4,105,000"
"254","Justise Winslow","POR","$4,097,561","","","","","","Mini MLE","$4,097,561"
"255","Dylan Windler","CLE","$4,037,278","","","","","","1st Round Pick","$4,037,278"
"256","Kira Lewis Jr.","NOP","$4,004,280","$5,722,116","","","","","1st Round Pick","$4,004,280"
"257","Terence Davis","SAC","$4,000,000","","","","","","Early Bird","$4,000,000"
"258","George Hill","MIL","$4,000,000","","","","","","MLE","$4,000,000"
"259","Chris Duarte","IND","$3,936,960","$4,124,280","$5,893,596","","","","1st Round Pick","$3,936,960"
"260","Jevon Carter","BRK","$6,025,000","$2,239,943","","","","","","$3,925,000"
"261","Alex Len","SAC","$3,918,600","","","","","","Bi-Annual Exception","$3,918,600"
"262","Ochai Agbaji","CLE","$3,918,360","$4,114,200","$4,310,280","$6,383,525","","","1st Round Pick","$8,032,560"
"263","Jordan Poole","GSW","$3,901,399","","","","","","1st Round Pick","$3,901,399"
"264","Eric Bledsoe","POR","$3,900,000","","","","","","","$3,900,000"
"265","Keldon Johnson","SAS","$3,873,025","","","","","","1st Round Pick","$3,873,025"
"266","Aaron Nesmith","IND","$3,804,360","$5,634,257","","","","","1st Round Pick","$3,804,360"
"267","Moses Moody","GSW","$3,740,160","$3,918,480","$5,803,269","","","","1st Round Pick","$3,740,160"
"268","Mark Williams","CHO","$3,722,040","$3,908,160","$4,094,280","$6,276,531","","","1st Round Pick","$7,630,200"
"269","Cole Anthony","ORL","$3,613,680","$5,539,771","","","","","1st Round Pick","$3,613,680"
"270","Corey Kispert","WAS","$3,552,960","$3,722,040","$5,705,887","","","","1st Round Pick","$3,552,960"
"271","AJ Griffin","ATL","$3,536,160","$3,712,920","$3,889,920","$5,967,137","","","1st Round Pick","$7,249,080"
"272","Boban Marjanović","HOU","$3,500,000","","","","","","Early Bird","$3,500,000"
"273","Mike Muscala","OKC","$3,500,000","","","","","","",""
"274","Georges Niang","PHI","$3,465,000","","","","","","MLE","$3,465,000"
"275","Chuma Okeke","ORL","$3,433,320","$5,266,713","","","","","1st Round Pick","$3,433,320"
"276","Isaiah Stewart","DET","$3,433,320","$5,266,713","","","","","1st Round Pick","$3,433,320"
"277","Amir Coffey","LAC","$3,395,062","$3,666,667","$3,938,271","","","","Bird","$11,000,000"
"278","Alperen Şengün","HOU","$3,375,480","$3,536,400","$5,424,838","","","","1st Round Pick","$3,375,480"
"279","Tari Eason","HOU","$3,359,160","$3,527,160","$3,695,160","$5,675,766","","","1st Round Pick","$6,886,320"
"280","Trey Burke","HOU","$3,300,000","","","","","","MLE","$3,300,000"
"281","Aleksej Pokusevski","OKC","$3,261,480","$5,009,633","","","","","1st Round Pick","$3,261,480"
"282","Andre Drummond","CHI","$3,219,512","$3,380,488","","","","","Mini MLE","$6,600,000"
"283","Kevin Porter Jr.","HOU","$3,217,631","","","","","","1st Round Pick","$3,217,631"
"284","Trey Murphy III","NOP","$3,206,640","$3,359,280","$5,159,854","","","","1st Round Pick","$3,206,640"
"285","Dalen Terry","CHI","$3,191,400","$3,350,760","$3,510,480","$5,399,118","","","1st Round Pick","$6,542,160"
"286","Derrick Jones Jr.","CHI","$3,173,077","$3,426,923","","","","","Early Bird","$3,173,077"
"287","Frank Jackson","DET","$3,150,000","","","","","","",""
"288","Josh Green","DAL","$3,098,400","$4,765,339","","","","","1st Round Pick","$3,098,400"
"289","Jake LaRavia","MEM","$3,047,640","$3,199,920","$3,352,680","$5,163,127","","","1st Round Pick","$6,247,560"
"290","Tre Mann","OKC","$3,046,200","$3,191,280","$4,908,189","","","","1st Round Pick","$3,046,200"
"291","Sterling Brown","HOU","$3,000,000","","","","","","Bi-Annual Exception","$3,000,000"
"292","Saddiq Bey","DET","$2,959,080","$4,556,983","","","","","1st Round Pick","$2,959,080"
"293","Malaki Branham","SAS","$2,925,600","$3,071,880","$3,217,920","$4,962,033","","","1st Round Pick","$5,997,480"
"294","Kai Jones","CHO","$2,909,160","$3,047,760","$4,693,550","","","","1st Round Pick","$2,909,160"
"295","Bismack Biyombo","PHO","$2,905,851","","","","","","Minimum Salary","$2,905,851"
"296","Wesley Matthews","MIL","$2,905,851","","","","","","Minimum Salary","$2,905,851"
"297","DeAndre Jordan","DEN","$10,733,758","","","","","","Minimum Salary","$2,905,851"
"298","Robin Lopez","CLE","$2,905,851","","","","","","Minimum Salary","$2,905,851"
"299","Dewayne Dedmon","DET","$7,566,667","$7,190,667","$2,866,667","","","","","$8,600,001"
"300","Andrew Nicholson","POR","$2,844,430","$2,844,430","","","","","","$5,688,860"
"301","Precious Achiuwa","TOR","$2,840,160","$4,379,527","","","","","1st Round Pick","$2,840,160"
"302","Christian Braun","DEN","$2,808,600","$2,949,120","$3,089,640","$4,921,797","","","1st Round Pick","$5,757,720"
"303","Jalen Johnson","ATL","$2,792,520","$2,925,480","$4,511,090","","","","1st Round Pick","$2,792,520"
"304","Tyrese Maxey","PHI","$2,726,880","$4,343,920","","","","","1st Round Pick","$2,726,880"
"305","Walker Kessler","UTA","$2,696,400","$2,831,160","$2,965,920","$4,878,938","","","1st Round Pick","$5,527,560"
"306","Keon Johnson","POR","$2,681,040","$2,808,720","$4,474,291","","","","1st Round Pick","$2,681,040"
"307","T.J. Warren","BRK","$2,628,597","","","","","","Minimum Salary","$2,628,597"
"308","Trey Lyles","SAC","$2,625,000","","","","","","Cap Space","$2,625,000"
"309","Zeke Nnaji","DEN","$2,617,800","$4,306,281","","","","","1st Round Pick","$2,617,800"
"310","David Roddy","MEM","$2,588,640","$2,718,240","$2,847,240","$4,831,766","","","1st Round Pick","$5,306,880"
"311","Isaiah Jackson","IND","$2,573,760","$2,696,280","$4,435,381","","","","1st Round Pick","$2,573,760"
"312","MarJon Beauchamp","MIL","$2,485,200","$2,609,400","$2,733,720","$4,781,276","","","1st Round Pick","$5,094,600"
"313","Leandro Bolmaro","UTA","$2,471,160","$2,588,400","$4,392,515","","","","1st Round Pick","$2,471,160"
"314","Usman Garuba","HOU","$2,471,160","$2,588,400","$4,392,515","","","","1st Round Pick","$2,471,160"
"315","Raul Neto","CLE","$2,463,490","","","","","","Minimum Salary","$2,463,490"
"316","Frank Kaminsky","ATL","$2,463,490","","","","","","Minimum Salary","$2,463,490"
"317","Willy Hernangómez","NOP","$2,443,581","$2,559,942","","","","","Non Bird","$2,443,581"
"318","R.J. Hampton","ORL","$2,412,840","$4,220,057","","","","","1st Round Pick","$2,412,840"
"319","Blake Wesley","SAS","$2,385,480","$2,504,640","$2,624,280","$4,726,328","","","1st Round Pick","$4,890,120"
"320","Josh Christopher","HOU","$2,372,160","$2,485,200","$4,346,615","","","","1st Round Pick","$2,372,160"
"321","Stanley Johnson","LAL","$2,351,521","","","","","","Minimum Salary","$2,351,521"
"322","Immanuel Quickley","NYK","$2,316,240","$4,171,548","","","","","1st Round Pick","$2,316,240"
"323","John Konchar","MEM","$2,300,000","$2,400,000","$6,165,000","$6,165,000","$6,165,000","","MLE","$19,335,000"
"324","Bryn Forbes","MIN","$2,298,385","","","","","","Minimum Salary","$2,298,385"
"325","Damian Jones","LAL","$2,298,385","$2,586,665","","","","","Minimum Salary","$2,298,385"
"326","Quentin Grimes","NYK","$2,277,000","$2,385,720","$4,296,682","","","","1st Round Pick","$2,277,000"
"327","Nikola Jović","MIA","$2,239,920","$2,352,000","$2,464,200","$4,445,417","","","1st Round Pick","$4,591,920"
"328","Payton Pritchard","BOS","$2,239,200","$4,037,278","","","","","1st Round Pick","$2,239,200"
"329","Patrick Baldwin Jr.","GSW","$2,226,000","$2,337,720","$2,448,840","$4,420,156","","","1st Round Pick","$4,563,720"
"330","TyTy Washington Jr.","HOU","$2,210,040","$2,320,440","$2,431,080","$4,388,099","","","1st Round Pick","$4,530,480"
"331","Bones Hyland","DEN","$2,201,400","$2,306,400","$4,158,439","","","","1st Round Pick","$2,201,400"
"332","Bol Bol","ORL","$2,200,000","$2,200,000","","","","","Bird","$2,200,000"
"333","Peyton Watson","DEN","$2,193,960","$2,303,520","$2,413,560","$4,356,476","","","1st Round Pick","$4,497,480"
"334","Marquese Chriss","HOU","$2,193,920","","","","","","Minimum Salary","$2,193,920"
"335","Udoka Azubuike","UTA","$2,174,880","$3,923,484","","","","","1st Round Pick","$2,174,880"
"336","Jaden McDaniels","MIN","$2,161,440","$3,901,399","","","","","1st Round Pick","$2,161,440"
"337","Jordan McLaughlin","MIN","$2,160,000","$2,320,000","","","","","Early Bird","$2,160,000"
"338","Malachi Flynn","TOR","$2,145,720","$3,873,025","","","","","1st Round Pick","$2,145,720"
"339","Cam Thomas","BRK","$2,138,160","$2,240,040","$4,041,032","","","","1st Round Pick","$2,138,160"
"340","Luke Kornet","BOS","$2,133,278","$2,413,304","","","","","Minimum Salary","$4,546,582"
"341","Damion Lee","PHO","$2,133,278","","","","","","Minimum Salary","$2,133,278"
"342","Thomas Bryant","LAL","$2,133,278","","","","","","Minimum Salary","$2,133,278"
"343","D.J. Wilson","TOR","$2,133,278","$2,413,304","","","","","Minimum Salary","$250,000"
"344","Desmond Bane","MEM","$2,130,240","$3,845,083","","","","","1st Round Pick","$2,130,240"
"345","Jaden Springer","PHI","$2,125,200","$2,226,240","$4,018,363","","","","1st Round Pick","$2,125,200"
"346","Day'Ron Sharpe","BRK","$2,109,360","$2,210,160","$3,989,339","","","","1st Round Pick","$2,109,360"
"347","Jevon Carter","MIL","$6,025,000","$2,239,943","","","","","Non Bird","$2,100,000"
"348","Vlatko Čančar","DEN","$2,098,765","$2,266,667","$2,434,568","","","","Bird","$4,365,432"
"349","Santi Aldama","MEM","$2,094,240","$2,194,200","$3,960,531","","","","1st Round Pick","$2,094,240"
"350","Tony Bradley","CHI","$2,036,318","","","","","","Minimum Salary","$2,036,318"
"351","Frank Ntilikina","DAL","$2,036,318","","","","","","",""
"352","Caleb Houstan","ORL","$2,000,000","$2,000,000","$2,019,699","$2,187,699","","","MLE","$4,000,000"
"353","Jeremiah Robinson-Earl","OKC","$2,000,000","$1,900,000","$1,988,598","","","","MLE","$2,000,000"
"354","Kenrich Williams","OKC","$2,000,000","","","","","","",""
"355","Garrison Mathews","HOU","$2,000,000","$2,000,000","$2,230,253","","","","",""
"356","Shake Milton","PHI","$1,997,718","","","","","","Cap Space","$1,997,718"
"357","Drew Eubanks","POR","$1,968,175","","","","","","Minimum Salary","$1,968,175"
"358","Josh Okogie","PHO","$1,968,175","","","","","","Minimum Salary","$1,968,175"
"359","Troy Brown Jr.","LAL","$1,968,175","","","","","","Minimum Salary","$1,968,175"
"360","Theo Pinson","DAL","$1,968,175","","","","","","Minimum Salary","$1,968,175"
"361","Edmond Sumner","BRK","$1,968,175","$2,239,943","","","","","Minimum Salary","$1,968,175"
"362","Aaron Holiday","ATL","$1,968,175","","","","","","Minimum Salary","$1,968,175"
"363","Daniel Gafford","WAS","$1,930,681","$12,402,000","$13,394,160","$14,386,320","","","Minimum Salary","$42,113,161"
"364","Terance Mann","LAC","$1,930,681","$10,576,923","$11,423,077","","","","Minimum Salary","$23,930,681"
"365","Isaiah Roby","SAS","$1,930,681","","","","","","MLE","$1,930,681"
"366","Dean Wade","CLE","$1,930,681","","","","","","MLE","$1,930,681"
"367","Jalen McDaniels","CHO","$1,930,681","","","","","","Minimum Salary","$1,930,681"
"368","Naz Reid","MIN","$1,930,681","","","","","","",""
"369","Jaylen Nowell","MIN","$1,930,681","","","","","","",""
"370","Chimezie Metu","SAC","$1,910,860","","","","","","MLE","$1,910,860"
"371","Davon Reed","DEN","$1,902,133","$2,066,585","","","","","Minimum Salary","$3,968,718"
"372","Juan Toscano-Anderson","LAL","$1,902,133","","","","","","Minimum Salary","$1,902,133"
"373","Rayjon Tucker","MIL","$1,902,133","","","","","","",""
"374","Moses Brown","LAC","$1,902,133","","","","","","",""
"375","Killian Tillie","MEM","$1,901,625","","","","","","Room Exception","$1,901,625"
"376","Théo Maledon","OKC","$1,900,000","$1,930,681","","","","","",""
"377","Svi Mykhailiuk","TOR","$1,878,720","","","","","","Minimum Salary","$1,878,720"
"378","Thanasis Antetokounmpo","MIL","$1,878,720","","","","","","Minimum Salary","$1,878,720"
"379","Keita Bates-Diop","SAS","$1,878,720","","","","","","",""
"380","Moritz Wagner","ORL","$1,878,720","","","","","","",""
"381","Wenyen Gabriel","LAL","$1,878,720","","","","","","",""
"382","Didi Louzada","POR","$1,876,222","$1,965,566","$2,057,646","","","","Non Bird","$1,876,222"
"383","Oshae Brissett","IND","$1,846,738","","","","","","",""
"384","Anthony Gill","WAS","$1,836,090","$1,997,238","","","","","Minimum Salary","$3,833,328"
"385","Luca Vildoza","MIL","$1,836,090","","","","","","",""
"386","Javonte Green","CHI","$1,815,677","","","","","","Minimum Salary","$1,815,677"
"387","Max Strus","MIA","$1,815,677","","","","","","",""
"388","Gabe Vincent","MIA","$1,815,677","","","","","","",""
"389","Carsen Edwards","DET","$1,815,677","","","","","","",""
"390","Herbert Jones","NOP","$1,785,000","$1,836,096","","","","","MLE","$1,785,000"
"391","Vernon Carey Jr.","WAS","$1,782,621","$1,930,681","","","","","Cap Space","$1,782,621"
"392","Xavier Tillman Sr.","MEM","$1,782,621","$1,930,681","","","","","MLE","$1,782,621"
"393","Tyrell Terry","DAL","$1,782,621","","","","","","","$1,782,621"
"394","Tre Jones","SAS","$1,782,621","","","","","","",""
"395","Paul Reed","PHI","$1,782,621","","","","","","",""
"396","Isaiah Joe","PHI","$1,782,621","","","","","","",""
"397","Naji Marshall","NOP","$1,782,621","$1,930,681","","","","","",""
"398","Kenyon Martin Jr.","HOU","$1,782,621","$1,930,681","","","","","",""
"399","Lamar Stevens","CLE","$1,782,621","$1,930,681","","","","","",""
"400","Nick Richards","CHO","$1,782,621","","","","","","",""
"401","Saben Lee","DET","$1,752,638","$1,902,137","","","","","Cap Space","$1,752,638"
"402","Armoni Brooks","TOR","$1,752,638","","","","","","Minimum Salary","$50,000"
"403","Devin Cannady","ORL","$1,752,638","$1,902,137","","","","","",""
"404","Haywood Highsmith","MIA","$1,752,638","$1,902,137","","","","","",""
"405","Omer Yurtseven","MIA","$1,752,638","","","","","","",""
"406","Kennedy Chandler","MEM","$1,651,163","$1,733,721","$1,816,279","$1,898,837","","","MLE","$7,100,000"
"407","Jericho Sims","NYK","$1,637,966","$1,927,896","$2,092,344","","","","Cap Space","$5,658,206"
"408","Sam Hauser","BOS","$1,637,966","$1,927,896","$2,092,344","","","","Non Bird","$5,658,206"
"409","Kessler Edwards","BRK","$1,637,966","$1,927,896","","","","","Minimum Salary","$1,637,966"
"410","Trevelin Queen","PHI","$1,637,966","$1,927,896","","","","","Minimum Salary","$330,000"
"411","Lindell Wigginton","MIL","$1,637,966","","","","","","",""
"412","Xavier Moon","LAC","$1,637,966","","","","","","",""
"413","Trendon Watford","POR","$1,563,518","$1,836,096","$1,988,598","","","","MLE","$5,388,212"
"414","Isaiah Todd","WAS","$1,563,518","$1,836,096","$1,988,598","","","","MLE","$3,399,614"
"415","Jared Butler","UTA","$1,563,518","","","","","","Minimum Salary","$1,563,518"
"416","Greg Brown III","POR","$1,563,518","$1,836,096","","","","","Mini MLE","$1,563,518"
"417","Miles McBride","NYK","$1,563,518","$1,836,096","","","","","Cap Space","$1,563,518"
"418","Jose Alvarado","NOP","$1,563,518","$1,836,096","$1,988,598","","","","MLE","$1,563,518"
"419","Jason Preston","LAC","$1,563,518","$1,836,096","","","","","Mini MLE","$1,563,518"
"420","Brandon Boston Jr.","LAC","$1,563,518","$1,836,096","","","","","Mini MLE","$1,563,518"
"421","Daishen Nix","HOU","$1,563,518","$1,836,096","$1,988,598","","","","Minimum Salary","$1,563,518"
"422","Isaiah Livers","DET","$1,563,518","$1,836,096","","","","","Cap Space","$1,563,518"
"423","JT Thor","CHO","$1,563,518","$1,836,096","$1,988,598","","","","Cap Space","$1,563,518"
"424","Marko Simonovic","CHI","$1,563,518","$1,836,096","","","","","MLE","$1,563,518"
"425","Vit Krejci","OKC","$1,563,518","$1,836,096","$1,988,598","","","","MLE","$781,759"
"426","Terry Taylor","IND","$1,563,518","$1,836,096","","","","","Minimum Salary","$625,000"
"427","Charles Bassey","PHI","$1,563,518","$1,836,096","","","","","MLE","$74,742"
"428","Jock Landale","PHO","$1,563,518","","","","","","Minimum Salary","$46,120"
"429","Dalano Banton","TOR","$1,563,518","","","","","","",""
"430","Aaron Wiggins","OKC","$1,563,518","$1,836,096","$1,988,598","","","","",""
"431","Ayo Dosunmu","CHI","$1,563,518","","","","","","",""
"432","Jaden Hardy","DAL","$1,017,781","$1,719,864","$2,019,699","","","","Mini MLE","$3,137,645"
"433","Max Christie","LAL","$1,017,781","$1,719,864","","","","","Minimum Salary","$2,737,645"
"434","Jabari Walker","POR","$1,017,781","$1,719,864","$2,019,699","","","","MLE","$1,417,781"
"435","Michael Foster Jr.","PHI","$1,017,781","","","","","","",""
"436","Orlando Robinson","MIA","$1,017,781","","","","","","",""
"437","Adonis Arms","DEN","$1,017,781","","","","","","",""
"438","Kellan Grady","DEN","$1,017,781","","","","","","",""
"439","Javon Freeman-Liberty","CHI","$1,017,781","","","","","","",""
"440","Kyle Singler","OKC","$999,200","","","","","","","$999,200"
"441","Nik Stauskas","IND","$702,311","$702,311","$702,310","","","","","$2,106,932"
"442","Juwan Morgan","IND","$576,230","$576,230","$576,229","","","","","$1,728,689"
"443","Malik Fitts","IND","$555,217","$555,217","$555,216","","","","","$1,665,650"
"444","D.J. Augustin","HOU","$333,333","","","","","","","$333,333"
"445","Wendell Moore Jr.","MIN","$230,620","$2,421,720","$2,537,040","$4,574,283","","","1st Round Pick","$2,652,340"
"446","Ish Wainright","TOR","","","","","","","","$125,000"
"447","Troy Williams","HOU","$122,741","","","","","","","$122,741"
"448","Demetrius Jackson","BOS","$92,857","$92,857","","","","","","$185,714"